participant,match_id,stage,group,home_team,away_team,predicted_home_score,predicted_away_score,predicted_qualifier,did_not_predict
Alen,1,GRUPOS,A,MEXICO,SUDAFRICA,2.0,0.0,,False
Alen,2,GRUPOS,A,COREA DEL SUR,REPUBLICA CHECA,1.0,1.0,,False
Alen,3,GRUPOS,A,REPUBLICA CHECA,SUDAFRICA,1.0,0.0,,False
Alen,4,GRUPOS,A,MEXICO,COREA DEL SUR,2.0,1.0,,False
Alen,5,GRUPOS,A,SUDAFRICA,COREA DEL SUR,0.0,1.0,,False
Alen,6,GRUPOS,A,REPUBLICA CHECA,MEXICO,0.0,1.0,,False
Alen,7,GRUPOS,B,CANADA,BOSNIA,2.0,1.0,,False
Alen,8,GRUPOS,B,QATAR,SUIZA,0.0,2.0,,False
Alen,9,GRUPOS,B,SUIZA,BOSNIA,2.0,0.0,,False
Alen,10,GRUPOS,B,CANADA,QATAR,2.0,0.0,,False
Alen,11,GRUPOS,B,BOSNIA,QATAR,1.0,0.0,,False
Alen,12,GRUPOS,B,SUIZA,CANADA,1.0,1.0,,False
Alen,13,GRUPOS,C,BRASIL,MARRUECOS,2.0,1.0,,False
Alen,14,GRUPOS,C,HAITI,ESCOCIA,0.0,2.0,,False
Alen,15,GRUPOS,C,ESCOCIA,MARRUECOS,0.0,2.0,,False
Alen,16,GRUPOS,C,BRASIL,HAITI,3.0,0.0,,False
Alen,17,GRUPOS,C,ESCOCIA,BRASIL,0.0,2.0,,False
Alen,18,GRUPOS,C,MARRUECOS,HAITI,2.0,0.0,,False
Alen,19,GRUPOS,D,ESTADOS UNIDOS,PARAGUAY,1.0,1.0,,False
Alen,20,GRUPOS,D,AUSTRALIA,TURQUIA,1.0,2.0,,False
Alen,21,GRUPOS,D,ESTADOS UNIDOS,AUSTRALIA,1.0,0.0,,False
Alen,22,GRUPOS,D,TURQUIA,PARAGUAY,0.0,1.0,,False
Alen,23,GRUPOS,D,PARAGUAY,AUSTRALIA,1.0,1.0,,False
Alen,24,GRUPOS,D,TURQUIA,ESTADOS UNIDOS,1.0,2.0,,False
Alen,25,GRUPOS,E,ALEMANIA,CURAZAO,3.0,0.0,,False
Alen,26,GRUPOS,E,COSTA DE MARFIL,ECUADOR,0.0,1.0,,False
Alen,27,GRUPOS,E,ALEMANIA,COSTA DE MARFIL,2.0,0.0,,False
Alen,28,GRUPOS,E,ECUADOR,CURAZAO,2.0,0.0,,False
Alen,29,GRUPOS,E,CURAZAO,COSTA DE MARFIL,0.0,2.0,,False
Alen,30,GRUPOS,E,ECUADOR,ALEMANIA,1.0,2.0,,False
Alen,31,GRUPOS,F,PAISES BAJOS,JAPON,2.0,1.0,,False
Alen,32,GRUPOS,F,SUECIA,TUNEZ,1.0,0.0,,False
Alen,33,GRUPOS,F,PAISES BAJOS,SUECIA,2.0,0.0,,False
Alen,34,GRUPOS,F,TUNEZ,JAPON,0.0,1.0,,False
Alen,35,GRUPOS,F,JAPON,SUECIA,1.0,1.0,,False
Alen,36,GRUPOS,F,TUNEZ,PAISES BAJOS,0.0,2.0,,False
Alen,37,GRUPOS,G,BELGICA,EGIPTO,2.0,1.0,,False
Alen,38,GRUPOS,G,IRAN,NUEVA ZELANDA,2.0,0.0,,False
Alen,39,GRUPOS,G,BELGICA,IRAN,2.0,0.0,,False
Alen,40,GRUPOS,G,NUEVA ZELANDA,EGIPTO,0.0,2.0,,False
Alen,41,GRUPOS,G,NUEVA ZELANDA,BELGICA,0.0,3.0,,False
Alen,42,GRUPOS,G,EGIPTO,IRAN,1.0,1.0,,False
Alen,43,GRUPOS,H,ESPAÑA,CABO VERDE,4.0,0.0,,False
Alen,44,GRUPOS,H,ARABIA SAUDITA,URUGUAY,1.0,2.0,,False
Alen,45,GRUPOS,H,ESPAÑA,ARABIA SAUDITA,2.0,0.0,,False
Alen,46,GRUPOS,H,URUGUAY,CABO VERDE,2.0,0.0,,False
Alen,47,GRUPOS,H,CABO VERDE,ARABIA SAUDITA,1.0,2.0,,False
Alen,48,GRUPOS,H,URUGUAY,ESPAÑA,2.0,3.0,,False
Alen,49,GRUPOS,I,FRANCIA,SENEGAL,3.0,1.0,,False
Alen,50,GRUPOS,I,IRAK,NORUEGA,0.0,2.0,,False
Alen,51,GRUPOS,I,FRANCIA,IRAK,3.0,0.0,,False
Alen,52,GRUPOS,I,NORUEGA,SENEGAL,2.0,1.0,,False
Alen,53,GRUPOS,I,SENEGAL,IRAK,2.0,0.0,,False
Alen,54,GRUPOS,I,NORUEGA,FRANCIA,2.0,3.0,,False
Alen,55,GRUPOS,J,ARGENTINA,ARGELIA,3.0,1.0,,False
Alen,56,GRUPOS,J,AUSTRIA,JORDANIA,2.0,0.0,,False
Alen,57,GRUPOS,J,ARGENTINA,AUSTRIA,3.0,1.0,,False
Alen,58,GRUPOS,J,JORDANIA,ARGELIA,0.0,2.0,,False
Alen,59,GRUPOS,J,ARGELIA,AUSTRIA,1.0,1.0,,False
Alen,60,GRUPOS,J,JORDANIA,ARGENTINA,0.0,3.0,,False
Alen,61,GRUPOS,K,PORTUGAL,RD CONGO,4.0,0.0,,False
Alen,62,GRUPOS,K,UZBEKISTAN,COLOMBIA,0.0,3.0,,False
Alen,63,GRUPOS,K,PORTUGAL,UZBEKISTAN,3.0,0.0,,False
Alen,64,GRUPOS,K,COLOMBIA,RD CONGO,2.0,0.0,,False
Alen,65,GRUPOS,K,RD CONGO,UZBEKISTAN,2.0,1.0,,False
Alen,66,GRUPOS,K,COLOMBIA,PORTUGAL,1.0,2.0,,False
Alen,67,GRUPOS,L,INGLATERRA,CROACIA,1.0,0.0,,False
Alen,68,GRUPOS,L,GHANA,PANAMA,1.0,0.0,,False
Alen,69,GRUPOS,L,INGLATERRA,GHANA,2.0,0.0,,False
Alen,70,GRUPOS,L,PANAMA,CROACIA,0.0,2.0,,False
Alen,71,GRUPOS,L,CROACIA,GHANA,2.0,0.0,,False
Alen,72,GRUPOS,L,PANAMA,INGLATERRA,0.0,3.0,,False
Alen,73,16AVOS,R32,SUDAFRICA,CANADA,1.0,2.0,CANADA,False
Alen,74,16AVOS,R32,ALEMANIA,PARAGUAY,2.0,1.0,ALEMANIA,False
Alen,75,16AVOS,R32,PAISES BAJOS,MARRUECOS,2.0,1.0,PAISES BAJOS,False
Alen,76,16AVOS,R32,BRASIL,JAPON,3.0,1.0,BRASIL,False
Alen,77,16AVOS,R32,FRANCIA,SUECIA,2.0,1.0,FRANCIA,False
Alen,78,16AVOS,R32,COSTA DE MARFIL,NORUEGA,1.0,2.0,NORUEGA,False
Alen,79,16AVOS,R32,MEXICO,ECUADOR,2.0,1.0,MEXICO,False
Alen,80,16AVOS,R32,INGLATERRA,RD CONGO,2.0,1.0,INGLATERRA,False
Alen,81,16AVOS,R32,ESTADOS UNIDOS,BOSNIA,2.0,1.0,ESTADOS UNIDOS,False
Alen,82,16AVOS,R32,BELGICA,SENEGAL,2.0,1.0,BELGICA,False
Alen,83,16AVOS,R32,PORTUGAL,CROACIA,2.0,1.0,PORTUGAL,False
Alen,84,16AVOS,R32,ESPANA,AUSTRIA,2.0,1.0,ESPANA,False
Alen,85,16AVOS,R32,SUIZA,ARGELIA,2.0,1.0,ARGELIA,False
Alen,86,16AVOS,R32,ARGENTINA,CABO VERDE,2.0,1.0,ARGENTINA,False
Alen,87,16AVOS,R32,COLOMBIA,GHANA,2.0,1.0,COLOMBIA,False
Alen,88,16AVOS,R32,AUSTRALIA,EGIPTO,1.0,2.0,EGIPTO,False
Alen,89,OCTAVOS,R16,PARAGUAY,FRANCIA,0.0,3.0,FRANCIA,False
Alen,90,OCTAVOS,R16,CANADA,MARRUECOS,0.0,2.0,MARRUECOS,False
Alen,91,OCTAVOS,R16,PORTUGAL,ESPANA,1.0,2.0,ESPANA,False
Alen,92,OCTAVOS,R16,ESTADOS UNIDOS,BELGICA,1.0,2.0,BELGICA,False
Alen,93,OCTAVOS,R16,BRASIL,NORUEGA,2.0,1.0,BRASIL,False
Alen,94,OCTAVOS,R16,MEXICO,INGLATERRA,1.0,2.0,INGLATERRA,False
Alen,95,OCTAVOS,R16,ARGENTINA,EGIPTO,2.0,1.0,ARGENTINA,False
Alen,96,OCTAVOS,R16,SUIZA,COLOMBIA,0.0,1.0,COLOMBIA,False
Alen,97,CUARTOS,QF,FRANCIA,MARRUECOS,2.0,1.0,FRANCIA,False
Alen,98,CUARTOS,QF,ESPANA,BELGICA,2.0,1.0,ESPANA,False
Alen,99,CUARTOS,QF,NORUEGA,INGLATERRA,1.0,2.0,INGLATERRA,False
Alen,100,CUARTOS,QF,ARGENTINA,SUIZA,2.0,0.0,ARGENTINA,False
Alen,101,SEMIFINALES,SF,FRANCIA,ESPANA,2,1,FRANCIA,False
Alen,102,SEMIFINALES,SF,INGLATERRA,ARGENTINA,1,2,ARGENTINA,False
Angel,1,GRUPOS,A,MEXICO,SUDAFRICA,2.0,1.0,,False
Angel,2,GRUPOS,A,COREA DEL SUR,REPUBLICA CHECA,1.0,1.0,,False
Angel,3,GRUPOS,A,REPUBLICA CHECA,SUDAFRICA,1.0,0.0,,False
Angel,4,GRUPOS,A,MEXICO,COREA DEL SUR,1.0,0.0,,False
Angel,5,GRUPOS,A,SUDAFRICA,COREA DEL SUR,1.0,2.0,,False
Angel,6,GRUPOS,A,REPUBLICA CHECA,MEXICO,1.0,2.0,,False
Angel,7,GRUPOS,B,CANADA,BOSNIA,2.0,1.0,,False
Angel,8,GRUPOS,B,QATAR,SUIZA,1.0,3.0,,False
Angel,9,GRUPOS,B,SUIZA,BOSNIA,1.0,0.0,,False
Angel,10,GRUPOS,B,CANADA,QATAR,2.0,1.0,,False
Angel,11,GRUPOS,B,BOSNIA,QATAR,2.0,1.0,,False
Angel,12,GRUPOS,B,SUIZA,CANADA,2.0,1.0,,False
Angel,13,GRUPOS,C,BRASIL,MARRUECOS,1.0,2.0,,False
Angel,14,GRUPOS,C,HAITI,ESCOCIA,0.0,2.0,,False
Angel,15,GRUPOS,C,ESCOCIA,MARRUECOS,1.0,2.0,,False
Angel,16,GRUPOS,C,BRASIL,HAITI,4.0,0.0,,False
Angel,17,GRUPOS,C,ESCOCIA,BRASIL,0.0,2.0,,False
Angel,18,GRUPOS,C,MARRUECOS,HAITI,2.0,0.0,,False
Angel,19,GRUPOS,D,ESTADOS UNIDOS,PARAGUAY,0.0,1.0,,False
Angel,20,GRUPOS,D,AUSTRALIA,TURQUIA,0.0,2.0,,False
Angel,21,GRUPOS,D,ESTADOS UNIDOS,AUSTRALIA,3.0,0.0,,False
Angel,22,GRUPOS,D,TURQUIA,PARAGUAY,2.0,2.0,,False
Angel,23,GRUPOS,D,PARAGUAY,AUSTRALIA,2.0,1.0,,False
Angel,24,GRUPOS,D,TURQUIA,ESTADOS UNIDOS,2.0,1.0,,False
Angel,25,GRUPOS,E,ALEMANIA,CURAZAO,6.0,0.0,,False
Angel,26,GRUPOS,E,COSTA DE MARFIL,ECUADOR,2.0,2.0,,False
Angel,27,GRUPOS,E,ALEMANIA,COSTA DE MARFIL,1.0,0.0,,False
Angel,28,GRUPOS,E,ECUADOR,CURAZAO,3.0,0.0,,False
Angel,29,GRUPOS,E,CURAZAO,COSTA DE MARFIL,0.0,1.0,,False
Angel,30,GRUPOS,E,ECUADOR,ALEMANIA,1.0,1.0,,False
Angel,31,GRUPOS,F,PAISES BAJOS,JAPON,2.0,0.0,,False
Angel,32,GRUPOS,F,SUECIA,TUNEZ,1.0,1.0,,False
Angel,33,GRUPOS,F,PAISES BAJOS,SUECIA,1.0,0.0,,False
Angel,34,GRUPOS,F,TUNEZ,JAPON,0.0,2.0,,False
Angel,35,GRUPOS,F,JAPON,SUECIA,2.0,0.0,,False
Angel,36,GRUPOS,F,TUNEZ,PAISES BAJOS,1.0,2.0,,False
Angel,37,GRUPOS,G,BELGICA,EGIPTO,0.0,1.0,,False
Angel,38,GRUPOS,G,IRAN,NUEVA ZELANDA,2.0,1.0,,False
Angel,39,GRUPOS,G,BELGICA,IRAN,2.0,0.0,,False
Angel,40,GRUPOS,G,NUEVA ZELANDA,EGIPTO,1.0,2.0,,False
Angel,41,GRUPOS,G,NUEVA ZELANDA,BELGICA,0.0,3.0,,False
Angel,42,GRUPOS,G,EGIPTO,IRAN,1.0,0.0,,False
Angel,43,GRUPOS,H,ESPAÑA,CABO VERDE,7.0,0.0,,False
Angel,44,GRUPOS,H,ARABIA SAUDITA,URUGUAY,0.0,1.0,,False
Angel,45,GRUPOS,H,ESPAÑA,ARABIA SAUDITA,3.0,0.0,,False
Angel,46,GRUPOS,H,URUGUAY,CABO VERDE,1.0,0.0,,False
Angel,47,GRUPOS,H,CABO VERDE,ARABIA SAUDITA,0.0,1.0,,False
Angel,48,GRUPOS,H,URUGUAY,ESPAÑA,1.0,3.0,,False
Angel,49,GRUPOS,I,FRANCIA,SENEGAL,2.0,1.0,,False
Angel,50,GRUPOS,I,IRAK,NORUEGA,0.0,4.0,,False
Angel,51,GRUPOS,I,FRANCIA,IRAK,3.0,0.0,,False
Angel,52,GRUPOS,I,NORUEGA,SENEGAL,2.0,2.0,,False
Angel,53,GRUPOS,I,SENEGAL,IRAK,2.0,0.0,,False
Angel,54,GRUPOS,I,NORUEGA,FRANCIA,2.0,4.0,,False
Angel,55,GRUPOS,J,ARGENTINA,ARGELIA,2.0,0.0,,False
Angel,56,GRUPOS,J,AUSTRIA,JORDANIA,2.0,0.0,,False
Angel,57,GRUPOS,J,ARGENTINA,AUSTRIA,1.0,0.0,,False
Angel,58,GRUPOS,J,JORDANIA,ARGELIA,1.0,2.0,,False
Angel,59,GRUPOS,J,ARGELIA,AUSTRIA,1.0,0.0,,False
Angel,60,GRUPOS,J,JORDANIA,ARGENTINA,0.0,4.0,,False
Angel,61,GRUPOS,K,PORTUGAL,RD CONGO,4.0,0.0,,False
Angel,62,GRUPOS,K,UZBEKISTAN,COLOMBIA,0.0,2.0,,False
Angel,63,GRUPOS,K,PORTUGAL,UZBEKISTAN,3.0,0.0,,False
Angel,64,GRUPOS,K,COLOMBIA,RD CONGO,2.0,0.0,,False
Angel,65,GRUPOS,K,RD CONGO,UZBEKISTAN,1.0,1.0,,False
Angel,66,GRUPOS,K,COLOMBIA,PORTUGAL,1.0,1.0,,False
Angel,67,GRUPOS,L,INGLATERRA,CROACIA,1.0,0.0,,False
Angel,68,GRUPOS,L,GHANA,PANAMA,2.0,0.0,,False
Angel,69,GRUPOS,L,INGLATERRA,GHANA,1.0,1.0,,False
Angel,70,GRUPOS,L,PANAMA,CROACIA,0.0,2.0,,False
Angel,71,GRUPOS,L,CROACIA,GHANA,1.0,1.0,,False
Angel,72,GRUPOS,L,PANAMA,INGLATERRA,0.0,4.0,,False
Angel,73,16AVOS,R32,SUDAFRICA,CANADA,0.0,2.0,CANADA,False
Angel,74,16AVOS,R32,ALEMANIA,PARAGUAY,1.0,0.0,ALEMANIA,False
Angel,75,16AVOS,R32,PAISES BAJOS,MARRUECOS,1.0,1.0,MARRUECOS,False
Angel,76,16AVOS,R32,BRASIL,JAPON,1.0,2.0,JAPON,False
Angel,77,16AVOS,R32,FRANCIA,SUECIA,4.0,1.0,FRANCIA,False
Angel,78,16AVOS,R32,COSTA DE MARFIL,NORUEGA,2.0,3.0,NORUEGA,False
Angel,79,16AVOS,R32,MEXICO,ECUADOR,1.0,2.0,ECUADOR,False
Angel,80,16AVOS,R32,INGLATERRA,RD CONGO,1.0,1.0,INGLATERRA,False
Angel,81,16AVOS,R32,ESTADOS UNIDOS,BOSNIA,0.0,1.0,BOSNIA,False
Angel,82,16AVOS,R32,BELGICA,SENEGAL,0.0,2.0,SENEGAL,False
Angel,83,16AVOS,R32,PORTUGAL,CROACIA,2.0,1.0,PORTUGAL,False
Angel,84,16AVOS,R32,ESPANA,AUSTRIA,3.0,0.0,ESPANA,False
Angel,85,16AVOS,R32,SUIZA,ARGELIA,1.0,2.0,ARGELIA,False
Angel,86,16AVOS,R32,ARGENTINA,CABO VERDE,3.0,0.0,ARGENTINA,False
Angel,87,16AVOS,R32,COLOMBIA,GHANA,2.0,0.0,COLOMBIA,False
Angel,88,16AVOS,R32,AUSTRALIA,EGIPTO,1.0,2.0,EGIPTO,False
Angel,89,OCTAVOS,R16,PARAGUAY,FRANCIA,0.0,2.0,FRANCIA,False
Angel,90,OCTAVOS,R16,CANADA,MARRUECOS,1.0,2.0,MARRUECOS,False
Angel,91,OCTAVOS,R16,PORTUGAL,ESPANA,1.0,3.0,ESPANA,False
Angel,92,OCTAVOS,R16,ESTADOS UNIDOS,BELGICA,1.0,0.0,ESTADOS UNIDOS,False
Angel,93,OCTAVOS,R16,BRASIL,NORUEGA,2.0,3.0,NORUEGA,False
Angel,94,OCTAVOS,R16,MEXICO,INGLATERRA,1.0,2.0,INGLATERRA,False
Angel,95,OCTAVOS,R16,ARGENTINA,EGIPTO,2.0,0.0,ARGENTINA,False
Angel,96,OCTAVOS,R16,SUIZA,COLOMBIA,1.0,2.0,COLOMBIA,False
Angel,97,CUARTOS,QF,FRANCIA,MARRUECOS,3.0,1.0,FRANCIA,False
Angel,98,CUARTOS,QF,ESPANA,BELGICA,1.0,1.0,ESPANA,False
Angel,99,CUARTOS,QF,NORUEGA,INGLATERRA,3.0,2.0,NORUEGA,False
Angel,100,CUARTOS,QF,ARGENTINA,SUIZA,2.0,1.0,ARGENTINA,False
Angel,101,SEMIFINALES,SF,FRANCIA,ESPANA,2,1,FRANCIA,False
Angel,102,SEMIFINALES,SF,INGLATERRA,ARGENTINA,2,3,ARGENTINA,False
Arana,1,GRUPOS,A,MEXICO,SUDAFRICA,2.0,0.0,,False
Arana,2,GRUPOS,A,COREA DEL SUR,REPUBLICA CHECA,1.0,1.0,,False
Arana,3,GRUPOS,A,REPUBLICA CHECA,SUDAFRICA,1.0,0.0,,False
Arana,4,GRUPOS,A,MEXICO,COREA DEL SUR,1.0,1.0,,False
Arana,5,GRUPOS,A,SUDAFRICA,COREA DEL SUR,0.0,2.0,,False
Arana,6,GRUPOS,A,REPUBLICA CHECA,MEXICO,1.0,2.0,,False
Arana,7,GRUPOS,B,CANADA,BOSNIA,2.0,2.0,,False
Arana,8,GRUPOS,B,QATAR,SUIZA,0.0,2.0,,False
Arana,9,GRUPOS,B,SUIZA,BOSNIA,1.0,0.0,,False
Arana,10,GRUPOS,B,CANADA,QATAR,2.0,1.0,,False
Arana,11,GRUPOS,B,BOSNIA,QATAR,1.0,0.0,,False
Arana,12,GRUPOS,B,SUIZA,CANADA,2.0,1.0,,False
Arana,13,GRUPOS,C,BRASIL,MARRUECOS,1.0,0.0,,False
Arana,14,GRUPOS,C,HAITI,ESCOCIA,0.0,2.0,,False
Arana,15,GRUPOS,C,ESCOCIA,MARRUECOS,1.0,1.0,,False
Arana,16,GRUPOS,C,BRASIL,HAITI,3.0,0.0,,False
Arana,17,GRUPOS,C,ESCOCIA,BRASIL,0.0,2.0,,False
Arana,18,GRUPOS,C,MARRUECOS,HAITI,2.0,0.0,,False
Arana,19,GRUPOS,D,ESTADOS UNIDOS,PARAGUAY,1.0,1.0,,False
Arana,20,GRUPOS,D,AUSTRALIA,TURQUIA,0.0,1.0,,False
Arana,21,GRUPOS,D,ESTADOS UNIDOS,AUSTRALIA,2.0,1.0,,False
Arana,22,GRUPOS,D,TURQUIA,PARAGUAY,1.0,1.0,,False
Arana,23,GRUPOS,D,PARAGUAY,AUSTRALIA,1.0,0.0,,False
Arana,24,GRUPOS,D,TURQUIA,ESTADOS UNIDOS,2.0,2.0,,False
Arana,25,GRUPOS,E,ALEMANIA,CURAZAO,3.0,0.0,,False
Arana,26,GRUPOS,E,COSTA DE MARFIL,ECUADOR,1.0,1.0,,False
Arana,27,GRUPOS,E,ALEMANIA,COSTA DE MARFIL,2.0,0.0,,False
Arana,28,GRUPOS,E,ECUADOR,CURAZAO,2.0,0.0,,False
Arana,29,GRUPOS,E,CURAZAO,COSTA DE MARFIL,0.0,2.0,,False
Arana,30,GRUPOS,E,ECUADOR,ALEMANIA,0.0,1.0,,False
Arana,31,GRUPOS,F,PAISES BAJOS,JAPON,2.0,1.0,,False
Arana,32,GRUPOS,F,SUECIA,TUNEZ,1.0,0.0,,False
Arana,33,GRUPOS,F,PAISES BAJOS,SUECIA,2.0,1.0,,False
Arana,34,GRUPOS,F,TUNEZ,JAPON,1.0,2.0,,False
Arana,35,GRUPOS,F,JAPON,SUECIA,1.0,1.0,,False
Arana,36,GRUPOS,F,TUNEZ,PAISES BAJOS,0.0,2.0,,False
Arana,37,GRUPOS,G,BELGICA,EGIPTO,2.0,0.0,,False
Arana,38,GRUPOS,G,IRAN,NUEVA ZELANDA,1.0,0.0,,False
Arana,39,GRUPOS,G,BELGICA,IRAN,1.0,0.0,,False
Arana,40,GRUPOS,G,NUEVA ZELANDA,EGIPTO,0.0,1.0,,False
Arana,41,GRUPOS,G,NUEVA ZELANDA,BELGICA,0.0,3.0,,False
Arana,42,GRUPOS,G,EGIPTO,IRAN,1.0,1.0,,False
Arana,43,GRUPOS,H,ESPAÑA,CABO VERDE,3.0,0.0,,False
Arana,44,GRUPOS,H,ARABIA SAUDITA,URUGUAY,1.0,2.0,,False
Arana,45,GRUPOS,H,ESPAÑA,ARABIA SAUDITA,3.0,0.0,,False
Arana,46,GRUPOS,H,URUGUAY,CABO VERDE,1.0,0.0,,False
Arana,47,GRUPOS,H,CABO VERDE,ARABIA SAUDITA,1.0,1.0,,False
Arana,48,GRUPOS,H,URUGUAY,ESPAÑA,0.0,2.0,,False
Arana,49,GRUPOS,I,FRANCIA,SENEGAL,3.0,1.0,,False
Arana,50,GRUPOS,I,IRAK,NORUEGA,0.0,2.0,,False
Arana,51,GRUPOS,I,FRANCIA,IRAK,3.0,0.0,,False
Arana,52,GRUPOS,I,NORUEGA,SENEGAL,2.0,1.0,,False
Arana,53,GRUPOS,I,SENEGAL,IRAK,2.0,0.0,,False
Arana,54,GRUPOS,I,NORUEGA,FRANCIA,1.0,2.0,,False
Arana,55,GRUPOS,J,ARGENTINA,ARGELIA,1.0,0.0,,False
Arana,56,GRUPOS,J,AUSTRIA,JORDANIA,2.0,0.0,,False
Arana,57,GRUPOS,J,ARGENTINA,AUSTRIA,2.0,1.0,,False
Arana,58,GRUPOS,J,JORDANIA,ARGELIA,1.0,2.0,,False
Arana,59,GRUPOS,J,ARGELIA,AUSTRIA,1.0,2.0,,False
Arana,60,GRUPOS,J,JORDANIA,ARGENTINA,0.0,2.0,,False
Arana,61,GRUPOS,K,PORTUGAL,RD CONGO,2.0,0.0,,False
Arana,62,GRUPOS,K,UZBEKISTAN,COLOMBIA,0.0,2.0,,False
Arana,63,GRUPOS,K,PORTUGAL,UZBEKISTAN,3.0,0.0,,False
Arana,64,GRUPOS,K,COLOMBIA,RD CONGO,1.0,0.0,,False
Arana,65,GRUPOS,K,RD CONGO,UZBEKISTAN,1.0,0.0,,False
Arana,66,GRUPOS,K,COLOMBIA,PORTUGAL,1.0,2.0,,False
Arana,67,GRUPOS,L,INGLATERRA,CROACIA,2.0,0.0,,False
Arana,68,GRUPOS,L,GHANA,PANAMA,1.0,1.0,,False
Arana,69,GRUPOS,L,INGLATERRA,GHANA,3.0,0.0,,False
Arana,70,GRUPOS,L,PANAMA,CROACIA,0.0,1.0,,False
Arana,71,GRUPOS,L,CROACIA,GHANA,1.0,0.0,,False
Arana,72,GRUPOS,L,PANAMA,INGLATERRA,0.0,3.0,,False
Arana,73,16AVOS,R32,SUDAFRICA,CANADA,1.0,2.0,CANADA,False
Arana,74,16AVOS,R32,ALEMANIA,PARAGUAY,2.0,0.0,ALEMANIA,False
Arana,75,16AVOS,R32,PAISES BAJOS,MARRUECOS,1.0,1.0,PAISES BAJOS,False
Arana,76,16AVOS,R32,BRASIL,JAPON,2.0,1.0,BRASIL,False
Arana,77,16AVOS,R32,FRANCIA,SUECIA,3.0,1.0,FRANCIA,False
Arana,78,16AVOS,R32,COSTA DE MARFIL,NORUEGA,1.0,2.0,NORUEGA,False
Arana,79,16AVOS,R32,MEXICO,ECUADOR,0.0,0.0,MEXICO,False
Arana,80,16AVOS,R32,INGLATERRA,RD CONGO,2.0,0.0,INGLATERRA,False
Arana,81,16AVOS,R32,ESTADOS UNIDOS,BOSNIA,2.0,0.0,ESTADOS UNIDOS,False
Arana,82,16AVOS,R32,BELGICA,SENEGAL,1.0,1.0,BELGICA,False
Arana,83,16AVOS,R32,PORTUGAL,CROACIA,1.0,0.0,PORTUGAL,False
Arana,84,16AVOS,R32,ESPANA,AUSTRIA,2.0,0.0,ESPANA,False
Arana,85,16AVOS,R32,SUIZA,ARGELIA,2.0,1.0,SUIZA,False
Arana,86,16AVOS,R32,ARGENTINA,CABO VERDE,2.0,0.0,ARGENTINA,False
Arana,87,16AVOS,R32,COLOMBIA,GHANA,1.0,0.0,COLOMBIA,False
Arana,88,16AVOS,R32,AUSTRALIA,EGIPTO,1.0,1.0,EGIPTO,False
Arana,89,OCTAVOS,R16,PARAGUAY,FRANCIA,0.0,2.0,FRANCIA,False
Arana,90,OCTAVOS,R16,CANADA,MARRUECOS,,,,True
Arana,91,OCTAVOS,R16,PORTUGAL,ESPANA,0.0,1.0,ESPANA,False
Arana,92,OCTAVOS,R16,ESTADOS UNIDOS,BELGICA,1.0,1.0,BELGICA,False
Arana,93,OCTAVOS,R16,BRASIL,NORUEGA,2.0,1.0,BRASIL,False
Arana,94,OCTAVOS,R16,MEXICO,INGLATERRA,1.0,2.0,INGLATERRA,False
Arana,95,OCTAVOS,R16,ARGENTINA,EGIPTO,2.0,0.0,ARGENTINA,False
Arana,96,OCTAVOS,R16,SUIZA,COLOMBIA,0.0,2.0,COLOMBIA,False
Arana,97,CUARTOS,QF,FRANCIA,MARRUECOS,2.0,1.0,FRANCIA,False
Arana,98,CUARTOS,QF,ESPANA,BELGICA,2.0,1.0,ESPANA,False
Arana,99,CUARTOS,QF,NORUEGA,INGLATERRA,1.0,2.0,INGLATERRA,False
Arana,100,CUARTOS,QF,ARGENTINA,SUIZA,2.0,1.0,ARGENTINA,False
Arana,101,SEMIFINALES,SF,FRANCIA,ESPANA,2,1,FRANCIA,False
Arana,102,SEMIFINALES,SF,INGLATERRA,ARGENTINA,1,1,INGLATERRA,False
Artola,1,GRUPOS,A,MEXICO,SUDAFRICA,2.0,0.0,,False
Artola,2,GRUPOS,A,COREA DEL SUR,REPUBLICA CHECA,2.0,0.0,,False
Artola,3,GRUPOS,A,REPUBLICA CHECA,SUDAFRICA,1.0,0.0,,False
Artola,4,GRUPOS,A,MEXICO,COREA DEL SUR,2.0,1.0,,False
Artola,5,GRUPOS,A,SUDAFRICA,COREA DEL SUR,1.0,2.0,,False
Artola,6,GRUPOS,A,REPUBLICA CHECA,MEXICO,0.0,3.0,,False
Artola,7,GRUPOS,B,CANADA,BOSNIA,2.0,1.0,,False
Artola,8,GRUPOS,B,QATAR,SUIZA,1.0,2.0,,False
Artola,9,GRUPOS,B,SUIZA,BOSNIA,1.0,1.0,,False
Artola,10,GRUPOS,B,CANADA,QATAR,1.0,0.0,,False
Artola,11,GRUPOS,B,BOSNIA,QATAR,2.0,0.0,,False
Artola,12,GRUPOS,B,SUIZA,CANADA,2.0,1.0,,False
Artola,13,GRUPOS,C,BRASIL,MARRUECOS,3.0,0.0,,False
Artola,14,GRUPOS,C,HAITI,ESCOCIA,0.0,2.0,,False
Artola,15,GRUPOS,C,ESCOCIA,MARRUECOS,0.0,2.0,,False
Artola,16,GRUPOS,C,BRASIL,HAITI,3.0,0.0,,False
Artola,17,GRUPOS,C,ESCOCIA,BRASIL,0.0,4.0,,False
Artola,18,GRUPOS,C,MARRUECOS,HAITI,2.0,0.0,,False
Artola,19,GRUPOS,D,ESTADOS UNIDOS,PARAGUAY,2.0,0.0,,False
Artola,20,GRUPOS,D,AUSTRALIA,TURQUIA,2.0,1.0,,False
Artola,21,GRUPOS,D,ESTADOS UNIDOS,AUSTRALIA,2.0,1.0,,False
Artola,22,GRUPOS,D,TURQUIA,PARAGUAY,1.0,1.0,,False
Artola,23,GRUPOS,D,PARAGUAY,AUSTRALIA,0.0,2.0,,False
Artola,24,GRUPOS,D,TURQUIA,ESTADOS UNIDOS,0.0,1.0,,False
Artola,25,GRUPOS,E,ALEMANIA,CURAZAO,4.0,0.0,,False
Artola,26,GRUPOS,E,COSTA DE MARFIL,ECUADOR,3.0,1.0,,False
Artola,27,GRUPOS,E,ALEMANIA,COSTA DE MARFIL,1.0,1.0,,False
Artola,28,GRUPOS,E,ECUADOR,CURAZAO,2.0,0.0,,False
Artola,29,GRUPOS,E,CURAZAO,COSTA DE MARFIL,0.0,3.0,,False
Artola,30,GRUPOS,E,ECUADOR,ALEMANIA,1.0,3.0,,False
Artola,31,GRUPOS,F,PAISES BAJOS,JAPON,3.0,0.0,,False
Artola,32,GRUPOS,F,SUECIA,TUNEZ,1.0,0.0,,False
Artola,33,GRUPOS,F,PAISES BAJOS,SUECIA,2.0,1.0,,False
Artola,34,GRUPOS,F,TUNEZ,JAPON,1.0,1.0,,False
Artola,35,GRUPOS,F,JAPON,SUECIA,1.0,2.0,,False
Artola,36,GRUPOS,F,TUNEZ,PAISES BAJOS,0.0,3.0,,False
Artola,37,GRUPOS,G,BELGICA,EGIPTO,2.0,0.0,,False
Artola,38,GRUPOS,G,IRAN,NUEVA ZELANDA,1.0,0.0,,False
Artola,39,GRUPOS,G,BELGICA,IRAN,2.0,0.0,,False
Artola,40,GRUPOS,G,NUEVA ZELANDA,EGIPTO,1.0,1.0,,False
Artola,41,GRUPOS,G,NUEVA ZELANDA,BELGICA,1.0,2.0,,False
Artola,42,GRUPOS,G,EGIPTO,IRAN,1.0,1.0,,False
Artola,43,GRUPOS,H,ESPAÑA,CABO VERDE,3.0,0.0,,False
Artola,44,GRUPOS,H,ARABIA SAUDITA,URUGUAY,1.0,3.0,,False
Artola,45,GRUPOS,H,ESPAÑA,ARABIA SAUDITA,3.0,0.0,,False
Artola,46,GRUPOS,H,URUGUAY,CABO VERDE,1.0,0.0,,False
Artola,47,GRUPOS,H,CABO VERDE,ARABIA SAUDITA,0.0,1.0,,False
Artola,48,GRUPOS,H,URUGUAY,ESPAÑA,2.0,2.0,,False
Artola,49,GRUPOS,I,FRANCIA,SENEGAL,3.0,0.0,,False
Artola,50,GRUPOS,I,IRAK,NORUEGA,0.0,3.0,,False
Artola,51,GRUPOS,I,FRANCIA,IRAK,2.0,0.0,,False
Artola,52,GRUPOS,I,NORUEGA,SENEGAL,2.0,1.0,,False
Artola,53,GRUPOS,I,SENEGAL,IRAK,2.0,0.0,,False
Artola,54,GRUPOS,I,NORUEGA,FRANCIA,2.0,1.0,,False
Artola,55,GRUPOS,J,ARGENTINA,ARGELIA,3.0,0.0,,False
Artola,56,GRUPOS,J,AUSTRIA,JORDANIA,0.0,0.0,,False
Artola,57,GRUPOS,J,ARGENTINA,AUSTRIA,2.0,0.0,,False
Artola,58,GRUPOS,J,JORDANIA,ARGELIA,1.0,1.0,,False
Artola,59,GRUPOS,J,ARGELIA,AUSTRIA,1.0,1.0,,False
Artola,60,GRUPOS,J,JORDANIA,ARGENTINA,1.0,3.0,,False
Artola,61,GRUPOS,K,PORTUGAL,RD CONGO,2.0,0.0,,False
Artola,62,GRUPOS,K,UZBEKISTAN,COLOMBIA,1.0,3.0,,False
Artola,63,GRUPOS,K,PORTUGAL,UZBEKISTAN,4.0,1.0,,False
Artola,64,GRUPOS,K,COLOMBIA,RD CONGO,2.0,0.0,,False
Artola,65,GRUPOS,K,RD CONGO,UZBEKISTAN,0.0,1.0,,False
Artola,66,GRUPOS,K,COLOMBIA,PORTUGAL,1.0,3.0,,False
Artola,67,GRUPOS,L,INGLATERRA,CROACIA,2.0,1.0,,False
Artola,68,GRUPOS,L,GHANA,PANAMA,0.0,1.0,,False
Artola,69,GRUPOS,L,INGLATERRA,GHANA,2.0,1.0,,False
Artola,70,GRUPOS,L,PANAMA,CROACIA,0.0,2.0,,False
Artola,71,GRUPOS,L,CROACIA,GHANA,2.0,0.0,,False
Artola,72,GRUPOS,L,PANAMA,INGLATERRA,0.0,3.0,,False
Artola,73,16AVOS,R32,SUDAFRICA,CANADA,0.0,2.0,CANADA,False
Artola,74,16AVOS,R32,ALEMANIA,PARAGUAY,3.0,1.0,ALEMANIA,False
Artola,75,16AVOS,R32,PAISES BAJOS,MARRUECOS,3.0,2.0,PAISES BAJOS,False
Artola,76,16AVOS,R32,BRASIL,JAPON,4.0,0.0,BRASIL,False
Artola,77,16AVOS,R32,FRANCIA,SUECIA,4.0,0.0,FRANCIA,False
Artola,78,16AVOS,R32,COSTA DE MARFIL,NORUEGA,1.0,4.0,NORUEGA,False
Artola,79,16AVOS,R32,MEXICO,ECUADOR,2.0,1.0,MEXICO,False
Artola,80,16AVOS,R32,INGLATERRA,RD CONGO,4.0,2.0,INGLATERRA,False
Artola,81,16AVOS,R32,ESTADOS UNIDOS,BOSNIA,3.0,1.0,ESTADOS UNIDOS,False
Artola,82,16AVOS,R32,BELGICA,SENEGAL,3.0,0.0,BELGICA,False
Artola,83,16AVOS,R32,PORTUGAL,CROACIA,3.0,1.0,PORTUGAL,False
Artola,84,16AVOS,R32,ESPANA,AUSTRIA,4.0,0.0,ESPANA,False
Artola,85,16AVOS,R32,SUIZA,ARGELIA,3.0,2.0,SUIZA,False
Artola,86,16AVOS,R32,ARGENTINA,CABO VERDE,4.0,1.0,ARGENTINA,False
Artola,87,16AVOS,R32,COLOMBIA,GHANA,2.0,0.0,COLOMBIA,False
Artola,88,16AVOS,R32,AUSTRALIA,EGIPTO,1.0,3.0,EGIPTO,False
Artola,89,OCTAVOS,R16,PARAGUAY,FRANCIA,0.0,3.0,FRANCIA,False
Artola,90,OCTAVOS,R16,CANADA,MARRUECOS,1.0,2.0,MARRUECOS,False
Artola,91,OCTAVOS,R16,PORTUGAL,ESPANA,2.0,1.0,PORTUGAL,False
Artola,92,OCTAVOS,R16,ESTADOS UNIDOS,BELGICA,2.0,1.0,ESTADOS UNIDOS,False
Artola,93,OCTAVOS,R16,BRASIL,NORUEGA,2.0,2.0,BRASIL,False
Artola,94,OCTAVOS,R16,MEXICO,INGLATERRA,1.0,2.0,INGLATERRA,False
Artola,95,OCTAVOS,R16,ARGENTINA,EGIPTO,3.0,0.0,ARGENTINA,False
Artola,96,OCTAVOS,R16,SUIZA,COLOMBIA,0.0,2.0,COLOMBIA,False
Artola,97,CUARTOS,QF,FRANCIA,MARRUECOS,3.0,1.0,FRANCIA,False
Artola,98,CUARTOS,QF,ESPANA,BELGICA,3.0,1.0,ESPANA,False
Artola,99,CUARTOS,QF,NORUEGA,INGLATERRA,2.0,2.0,INGLATERRA,False
Artola,100,CUARTOS,QF,ARGENTINA,SUIZA,2.0,1.0,ARGENTINA,False
Artola,101,SEMIFINALES,SF,FRANCIA,ESPANA,1,2,ESPANA,False
Artola,102,SEMIFINALES,SF,INGLATERRA,ARGENTINA,2,3,ARGENTINA,False
Biankits,1,GRUPOS,A,MEXICO,SUDAFRICA,2.0,0.0,,False
Biankits,2,GRUPOS,A,COREA DEL SUR,REPUBLICA CHECA,2.0,1.0,,False
Biankits,3,GRUPOS,A,REPUBLICA CHECA,SUDAFRICA,2.0,0.0,,False
Biankits,4,GRUPOS,A,MEXICO,COREA DEL SUR,1.0,1.0,,False
Biankits,5,GRUPOS,A,SUDAFRICA,COREA DEL SUR,0.0,2.0,,False
Biankits,6,GRUPOS,A,REPUBLICA CHECA,MEXICO,1.0,1.0,,False
Biankits,7,GRUPOS,B,CANADA,BOSNIA,2.0,1.0,,False
Biankits,8,GRUPOS,B,QATAR,SUIZA,0.0,2.0,,False
Biankits,9,GRUPOS,B,SUIZA,BOSNIA,2.0,0.0,,False
Biankits,10,GRUPOS,B,CANADA,QATAR,3.0,0.0,,False
Biankits,11,GRUPOS,B,BOSNIA,QATAR,2.0,0.0,,False
Biankits,12,GRUPOS,B,SUIZA,CANADA,1.0,1.0,,False
Biankits,13,GRUPOS,C,BRASIL,MARRUECOS,1.0,0.0,,False
Biankits,14,GRUPOS,C,HAITI,ESCOCIA,0.0,2.0,,False
Biankits,15,GRUPOS,C,ESCOCIA,MARRUECOS,0.0,1.0,,False
Biankits,16,GRUPOS,C,BRASIL,HAITI,4.0,0.0,,False
Biankits,17,GRUPOS,C,ESCOCIA,BRASIL,0.0,2.0,,False
Biankits,18,GRUPOS,C,MARRUECOS,HAITI,3.0,0.0,,False
Biankits,19,GRUPOS,D,ESTADOS UNIDOS,PARAGUAY,2.0,1.0,,False
Biankits,20,GRUPOS,D,AUSTRALIA,TURQUIA,0.0,1.0,,False
Biankits,21,GRUPOS,D,ESTADOS UNIDOS,AUSTRALIA,2.0,1.0,,False
Biankits,22,GRUPOS,D,TURQUIA,PARAGUAY,1.0,0.0,,False
Biankits,23,GRUPOS,D,PARAGUAY,AUSTRALIA,2.0,1.0,,False
Biankits,24,GRUPOS,D,TURQUIA,ESTADOS UNIDOS,1.0,1.0,,False
Biankits,25,GRUPOS,E,ALEMANIA,CURAZAO,5.0,0.0,,False
Biankits,26,GRUPOS,E,COSTA DE MARFIL,ECUADOR,1.0,2.0,,False
Biankits,27,GRUPOS,E,ALEMANIA,COSTA DE MARFIL,3.0,1.0,,False
Biankits,28,GRUPOS,E,ECUADOR,CURAZAO,3.0,0.0,,False
Biankits,29,GRUPOS,E,CURAZAO,COSTA DE MARFIL,0.0,3.0,,False
Biankits,30,GRUPOS,E,ECUADOR,ALEMANIA,1.0,3.0,,False
Biankits,31,GRUPOS,F,PAISES BAJOS,JAPON,1.0,1.0,,False
Biankits,32,GRUPOS,F,SUECIA,TUNEZ,2.0,0.0,,False
Biankits,33,GRUPOS,F,PAISES BAJOS,SUECIA,2.0,1.0,,False
Biankits,34,GRUPOS,F,TUNEZ,JAPON,0.0,2.0,,False
Biankits,35,GRUPOS,F,JAPON,SUECIA,1.0,1.0,,False
Biankits,36,GRUPOS,F,TUNEZ,PAISES BAJOS,0.0,3.0,,False
Biankits,37,GRUPOS,G,BELGICA,EGIPTO,2.0,0.0,,False
Biankits,38,GRUPOS,G,IRAN,NUEVA ZELANDA,2.0,0.0,,False
Biankits,39,GRUPOS,G,BELGICA,IRAN,2.0,0.0,,False
Biankits,40,GRUPOS,G,NUEVA ZELANDA,EGIPTO,0.0,2.0,,False
Biankits,41,GRUPOS,G,NUEVA ZELANDA,BELGICA,0.0,3.0,,False
Biankits,42,GRUPOS,G,EGIPTO,IRAN,1.0,1.0,,False
Biankits,43,GRUPOS,H,ESPAÑA,CABO VERDE,4.0,0.0,,False
Biankits,44,GRUPOS,H,ARABIA SAUDITA,URUGUAY,0.0,2.0,,False
Biankits,45,GRUPOS,H,ESPAÑA,ARABIA SAUDITA,3.0,0.0,,False
Biankits,46,GRUPOS,H,URUGUAY,CABO VERDE,3.0,0.0,,False
Biankits,47,GRUPOS,H,CABO VERDE,ARABIA SAUDITA,1.0,2.0,,False
Biankits,48,GRUPOS,H,URUGUAY,ESPAÑA,0.0,2.0,,False
Biankits,49,GRUPOS,I,FRANCIA,SENEGAL,2.0,0.0,,False
Biankits,50,GRUPOS,I,IRAK,NORUEGA,0.0,3.0,,False
Biankits,51,GRUPOS,I,FRANCIA,IRAK,5.0,0.0,,False
Biankits,52,GRUPOS,I,NORUEGA,SENEGAL,1.0,1.0,,False
Biankits,53,GRUPOS,I,SENEGAL,IRAK,3.0,0.0,,False
Biankits,54,GRUPOS,I,NORUEGA,FRANCIA,1.0,2.0,,False
Biankits,55,GRUPOS,J,ARGENTINA,ARGELIA,3.0,0.0,,False
Biankits,56,GRUPOS,J,AUSTRIA,JORDANIA,3.0,0.0,,False
Biankits,57,GRUPOS,J,ARGENTINA,AUSTRIA,2.0,0.0,,False
Biankits,58,GRUPOS,J,JORDANIA,ARGELIA,1.0,1.0,,False
Biankits,59,GRUPOS,J,ARGELIA,AUSTRIA,0.0,2.0,,False
Biankits,60,GRUPOS,J,JORDANIA,ARGENTINA,0.0,3.0,,False
Biankits,61,GRUPOS,K,PORTUGAL,RD CONGO,3.0,0.0,,False
Biankits,62,GRUPOS,K,UZBEKISTAN,COLOMBIA,0.0,2.0,,False
Biankits,63,GRUPOS,K,PORTUGAL,UZBEKISTAN,4.0,0.0,,False
Biankits,64,GRUPOS,K,COLOMBIA,RD CONGO,3.0,0.0,,False
Biankits,65,GRUPOS,K,RD CONGO,UZBEKISTAN,1.0,1.0,,False
Biankits,66,GRUPOS,K,COLOMBIA,PORTUGAL,1.0,1.0,,False
Biankits,67,GRUPOS,L,INGLATERRA,CROACIA,1.0,1.0,,False
Biankits,68,GRUPOS,L,GHANA,PANAMA,2.0,0.0,,False
Biankits,69,GRUPOS,L,INGLATERRA,GHANA,2.0,0.0,,False
Biankits,70,GRUPOS,L,PANAMA,CROACIA,0.0,2.0,,False
Biankits,71,GRUPOS,L,CROACIA,GHANA,1.0,0.0,,False
Biankits,72,GRUPOS,L,PANAMA,INGLATERRA,0.0,4.0,,False
Biankits,73,16AVOS,R32,SUDAFRICA,CANADA,0.0,1.0,CANADA,False
Biankits,74,16AVOS,R32,ALEMANIA,PARAGUAY,2.0,0.0,ALEMANIA,False
Biankits,75,16AVOS,R32,PAISES BAJOS,MARRUECOS,1.0,1.0,PAISES BAJOS,False
Biankits,76,16AVOS,R32,BRASIL,JAPON,2.0,0.0,BRASIL,False
Biankits,77,16AVOS,R32,FRANCIA,SUECIA,2.0,0.0,FRANCIA,False
Biankits,78,16AVOS,R32,COSTA DE MARFIL,NORUEGA,0.0,2.0,NORUEGA,False
Biankits,79,16AVOS,R32,MEXICO,ECUADOR,1.0,1.0,MEXICO,False
Biankits,80,16AVOS,R32,INGLATERRA,RD CONGO,2.0,0.0,INGLATERRA,False
Biankits,81,16AVOS,R32,ESTADOS UNIDOS,BOSNIA,2.0,1.0,ESTADOS UNIDOS,False
Biankits,82,16AVOS,R32,BELGICA,SENEGAL,1.0,2.0,SENEGAL,False
Biankits,83,16AVOS,R32,PORTUGAL,CROACIA,1.0,0.0,PORTUGAL,False
Biankits,84,16AVOS,R32,ESPANA,AUSTRIA,3.0,0.0,ESPANA,False
Biankits,85,16AVOS,R32,SUIZA,ARGELIA,1.0,0.0,SUIZA,False
Biankits,86,16AVOS,R32,ARGENTINA,CABO VERDE,2.0,0.0,ARGENTINA,False
Biankits,87,16AVOS,R32,COLOMBIA,GHANA,2.0,1.0,COLOMBIA,False
Biankits,88,16AVOS,R32,AUSTRALIA,EGIPTO,0.0,1.0,EGIPTO,False
Biankits,89,OCTAVOS,R16,PARAGUAY,FRANCIA,0.0,2.0,FRANCIA,False
Biankits,90,OCTAVOS,R16,CANADA,MARRUECOS,,,,True
Biankits,91,OCTAVOS,R16,PORTUGAL,ESPANA,1.0,1.0,ESPANA,False
Biankits,92,OCTAVOS,R16,ESTADOS UNIDOS,BELGICA,1.0,1.0,BELGICA,False
Biankits,93,OCTAVOS,R16,BRASIL,NORUEGA,1.0,2.0,NORUEGA,False
Biankits,94,OCTAVOS,R16,MEXICO,INGLATERRA,1.0,1.0,MEXICO,False
Biankits,95,OCTAVOS,R16,ARGENTINA,EGIPTO,1.0,0.0,ARGENTINA,False
Biankits,96,OCTAVOS,R16,SUIZA,COLOMBIA,0.0,1.0,COLOMBIA,False
Biankits,97,CUARTOS,QF,FRANCIA,MARRUECOS,,,,True
Biankits,98,CUARTOS,QF,ESPANA,BELGICA,,,,True
Biankits,99,CUARTOS,QF,NORUEGA,INGLATERRA,,,,True
Biankits,100,CUARTOS,QF,ARGENTINA,SUIZA,,,,True
Biankits,101,SEMIFINALES,SF,FRANCIA,ESPANA,,,,True
Biankits,102,SEMIFINALES,SF,INGLATERRA,ARGENTINA,,,,True
Dcas,1,GRUPOS,A,MEXICO,SUDAFRICA,2.0,0.0,,False
Dcas,2,GRUPOS,A,COREA DEL SUR,REPUBLICA CHECA,1.0,2.0,,False
Dcas,3,GRUPOS,A,REPUBLICA CHECA,SUDAFRICA,2.0,0.0,,False
Dcas,4,GRUPOS,A,MEXICO,COREA DEL SUR,1.0,1.0,,False
Dcas,5,GRUPOS,A,SUDAFRICA,COREA DEL SUR,0.0,1.0,,False
Dcas,6,GRUPOS,A,REPUBLICA CHECA,MEXICO,1.0,1.0,,False
Dcas,7,GRUPOS,B,CANADA,BOSNIA,1.0,2.0,,False
Dcas,8,GRUPOS,B,QATAR,SUIZA,0.0,2.0,,False
Dcas,9,GRUPOS,B,SUIZA,BOSNIA,2.0,1.0,,False
Dcas,10,GRUPOS,B,CANADA,QATAR,1.0,0.0,,False
Dcas,11,GRUPOS,B,BOSNIA,QATAR,2.0,0.0,,False
Dcas,12,GRUPOS,B,SUIZA,CANADA,2.0,0.0,,False
Dcas,13,GRUPOS,C,BRASIL,MARRUECOS,3.0,2.0,,False
Dcas,14,GRUPOS,C,HAITI,ESCOCIA,0.0,2.0,,False
Dcas,15,GRUPOS,C,ESCOCIA,MARRUECOS,1.0,2.0,,False
Dcas,16,GRUPOS,C,BRASIL,HAITI,4.0,0.0,,False
Dcas,17,GRUPOS,C,ESCOCIA,BRASIL,1.0,3.0,,False
Dcas,18,GRUPOS,C,MARRUECOS,HAITI,4.0,1.0,,False
Dcas,19,GRUPOS,D,ESTADOS UNIDOS,PARAGUAY,1.0,2.0,,False
Dcas,20,GRUPOS,D,AUSTRALIA,TURQUIA,0.0,2.0,,False
Dcas,21,GRUPOS,D,ESTADOS UNIDOS,AUSTRALIA,1.0,0.0,,False
Dcas,22,GRUPOS,D,TURQUIA,PARAGUAY,2.0,2.0,,False
Dcas,23,GRUPOS,D,PARAGUAY,AUSTRALIA,2.0,1.0,,False
Dcas,24,GRUPOS,D,TURQUIA,ESTADOS UNIDOS,2.0,1.0,,False
Dcas,25,GRUPOS,E,ALEMANIA,CURAZAO,3.0,0.0,,False
Dcas,26,GRUPOS,E,COSTA DE MARFIL,ECUADOR,1.0,1.0,,False
Dcas,27,GRUPOS,E,ALEMANIA,COSTA DE MARFIL,2.0,1.0,,False
Dcas,28,GRUPOS,E,ECUADOR,CURAZAO,2.0,0.0,,False
Dcas,29,GRUPOS,E,CURAZAO,COSTA DE MARFIL,0.0,3.0,,False
Dcas,30,GRUPOS,E,ECUADOR,ALEMANIA,0.0,2.0,,False
Dcas,31,GRUPOS,F,PAISES BAJOS,JAPON,1.0,1.0,,False
Dcas,32,GRUPOS,F,SUECIA,TUNEZ,2.0,0.0,,False
Dcas,33,GRUPOS,F,PAISES BAJOS,SUECIA,2.0,1.0,,False
Dcas,34,GRUPOS,F,TUNEZ,JAPON,0.0,2.0,,False
Dcas,35,GRUPOS,F,JAPON,SUECIA,2.0,1.0,,False
Dcas,36,GRUPOS,F,TUNEZ,PAISES BAJOS,0.0,2.0,,False
Dcas,37,GRUPOS,G,BELGICA,EGIPTO,3.0,0.0,,False
Dcas,38,GRUPOS,G,IRAN,NUEVA ZELANDA,2.0,0.0,,False
Dcas,39,GRUPOS,G,BELGICA,IRAN,2.0,1.0,,False
Dcas,40,GRUPOS,G,NUEVA ZELANDA,EGIPTO,1.0,2.0,,False
Dcas,41,GRUPOS,G,NUEVA ZELANDA,BELGICA,0.0,2.0,,False
Dcas,42,GRUPOS,G,EGIPTO,IRAN,1.0,2.0,,False
Dcas,43,GRUPOS,H,ESPAÑA,CABO VERDE,3.0,0.0,,False
Dcas,44,GRUPOS,H,ARABIA SAUDITA,URUGUAY,1.0,2.0,,False
Dcas,45,GRUPOS,H,ESPAÑA,ARABIA SAUDITA,2.0,0.0,,False
Dcas,46,GRUPOS,H,URUGUAY,CABO VERDE,2.0,1.0,,False
Dcas,47,GRUPOS,H,CABO VERDE,ARABIA SAUDITA,2.0,0.0,,False
Dcas,48,GRUPOS,H,URUGUAY,ESPAÑA,0.0,3.0,,False
Dcas,49,GRUPOS,I,FRANCIA,SENEGAL,3.0,1.0,,False
Dcas,50,GRUPOS,I,IRAK,NORUEGA,0.0,3.0,,False
Dcas,51,GRUPOS,I,FRANCIA,IRAK,3.0,0.0,,False
Dcas,52,GRUPOS,I,NORUEGA,SENEGAL,2.0,2.0,,False
Dcas,53,GRUPOS,I,SENEGAL,IRAK,3.0,0.0,,False
Dcas,54,GRUPOS,I,NORUEGA,FRANCIA,2.0,2.0,,False
Dcas,55,GRUPOS,J,ARGENTINA,ARGELIA,2.0,1.0,,False
Dcas,56,GRUPOS,J,AUSTRIA,JORDANIA,3.0,0.0,,False
Dcas,57,GRUPOS,J,ARGENTINA,AUSTRIA,2.0,1.0,,False
Dcas,58,GRUPOS,J,JORDANIA,ARGELIA,1.0,2.0,,False
Dcas,59,GRUPOS,J,ARGELIA,AUSTRIA,1.0,2.0,,False
Dcas,60,GRUPOS,J,JORDANIA,ARGENTINA,0.0,3.0,,False
Dcas,61,GRUPOS,K,PORTUGAL,RD CONGO,3.0,0.0,,False
Dcas,62,GRUPOS,K,UZBEKISTAN,COLOMBIA,0.0,2.0,,False
Dcas,63,GRUPOS,K,PORTUGAL,UZBEKISTAN,2.0,0.0,,False
Dcas,64,GRUPOS,K,COLOMBIA,RD CONGO,2.0,1.0,,False
Dcas,65,GRUPOS,K,RD CONGO,UZBEKISTAN,1.0,0.0,,False
Dcas,66,GRUPOS,K,COLOMBIA,PORTUGAL,1.0,2.0,,False
Dcas,67,GRUPOS,L,INGLATERRA,CROACIA,2.0,1.0,,False
Dcas,68,GRUPOS,L,GHANA,PANAMA,2.0,0.0,,False
Dcas,69,GRUPOS,L,INGLATERRA,GHANA,2.0,1.0,,False
Dcas,70,GRUPOS,L,PANAMA,CROACIA,0.0,3.0,,False
Dcas,71,GRUPOS,L,CROACIA,GHANA,1.0,1.0,,False
Dcas,72,GRUPOS,L,PANAMA,INGLATERRA,0.0,4.0,,False
Dcas,73,16AVOS,R32,SUDAFRICA,CANADA,1.0,3.0,CANADA,False
Dcas,74,16AVOS,R32,ALEMANIA,PARAGUAY,2.0,0.0,ALEMANIA,False
Dcas,75,16AVOS,R32,PAISES BAJOS,MARRUECOS,3.0,2.0,PAISES BAJOS,False
Dcas,76,16AVOS,R32,BRASIL,JAPON,2.0,1.0,BRASIL,False
Dcas,77,16AVOS,R32,FRANCIA,SUECIA,4.0,1.0,FRANCIA,False
Dcas,78,16AVOS,R32,COSTA DE MARFIL,NORUEGA,1.0,2.0,NORUEGA,False
Dcas,79,16AVOS,R32,MEXICO,ECUADOR,1.0,2.0,ECUADOR,False
Dcas,80,16AVOS,R32,INGLATERRA,RD CONGO,3.0,1.0,INGLATERRA,False
Dcas,81,16AVOS,R32,ESTADOS UNIDOS,BOSNIA,3.0,1.0,ESTADOS UNIDOS,False
Dcas,82,16AVOS,R32,BELGICA,SENEGAL,1.0,2.0,SENEGAL,False
Dcas,83,16AVOS,R32,PORTUGAL,CROACIA,2.0,1.0,PORTUGAL,False
Dcas,84,16AVOS,R32,ESPANA,AUSTRIA,2.0,1.0,ESPANA,False
Dcas,85,16AVOS,R32,SUIZA,ARGELIA,2.0,1.0,SUIZA,False
Dcas,86,16AVOS,R32,ARGENTINA,CABO VERDE,3.0,0.0,ARGENTINA,False
Dcas,87,16AVOS,R32,COLOMBIA,GHANA,2.0,0.0,COLOMBIA,False
Dcas,88,16AVOS,R32,AUSTRALIA,EGIPTO,0.0,2.0,EGIPTO,False
Dcas,89,OCTAVOS,R16,PARAGUAY,FRANCIA,0.0,2.0,FRANCIA,False
Dcas,90,OCTAVOS,R16,CANADA,MARRUECOS,1.0,3.0,MARRUECOS,False
Dcas,91,OCTAVOS,R16,PORTUGAL,ESPANA,1.0,1.0,PORTUGAL,False
Dcas,92,OCTAVOS,R16,ESTADOS UNIDOS,BELGICA,2.0,1.0,ESTADOS UNIDOS,False
Dcas,93,OCTAVOS,R16,BRASIL,NORUEGA,3.0,2.0,BRASIL,False
Dcas,94,OCTAVOS,R16,MEXICO,INGLATERRA,1.0,2.0,INGLATERRA,False
Dcas,95,OCTAVOS,R16,ARGENTINA,EGIPTO,2.0,0.0,ARGENTINA,False
Dcas,96,OCTAVOS,R16,SUIZA,COLOMBIA,2.0,1.0,SUIZA,False
Dcas,97,CUARTOS,QF,FRANCIA,MARRUECOS,3.0,1.0,FRANCIA,False
Dcas,98,CUARTOS,QF,ESPANA,BELGICA,1.0,0.0,ESPANA,False
Dcas,99,CUARTOS,QF,NORUEGA,INGLATERRA,2.0,3.0,INGLATERRA,False
Dcas,100,CUARTOS,QF,ARGENTINA,SUIZA,2.0,1.0,ARGENTINA,False
Dcas,101,SEMIFINALES,SF,FRANCIA,ESPANA,2,1,FRANCIA,False
Dcas,102,SEMIFINALES,SF,INGLATERRA,ARGENTINA,2,1,INGLATERRA,False
Djunza,1,GRUPOS,A,MEXICO,SUDAFRICA,2.0,0.0,,False
Djunza,2,GRUPOS,A,COREA DEL SUR,REPUBLICA CHECA,1.0,1.0,,False
Djunza,3,GRUPOS,A,REPUBLICA CHECA,SUDAFRICA,1.0,0.0,,False
Djunza,4,GRUPOS,A,MEXICO,COREA DEL SUR,1.0,1.0,,False
Djunza,5,GRUPOS,A,SUDAFRICA,COREA DEL SUR,0.0,1.0,,False
Djunza,6,GRUPOS,A,REPUBLICA CHECA,MEXICO,0.0,1.0,,False
Djunza,7,GRUPOS,B,CANADA,BOSNIA,1.0,0.0,,False
Djunza,8,GRUPOS,B,QATAR,SUIZA,0.0,2.0,,False
Djunza,9,GRUPOS,B,SUIZA,BOSNIA,1.0,0.0,,False
Djunza,10,GRUPOS,B,CANADA,QATAR,2.0,0.0,,False
Djunza,11,GRUPOS,B,BOSNIA,QATAR,1.0,0.0,,False
Djunza,12,GRUPOS,B,SUIZA,CANADA,1.0,0.0,,False
Djunza,13,GRUPOS,C,BRASIL,MARRUECOS,1.0,0.0,,False
Djunza,14,GRUPOS,C,HAITI,ESCOCIA,0.0,1.0,,False
Djunza,15,GRUPOS,C,ESCOCIA,MARRUECOS,0.0,2.0,,False
Djunza,16,GRUPOS,C,BRASIL,HAITI,2.0,0.0,,False
Djunza,17,GRUPOS,C,ESCOCIA,BRASIL,0.0,1.0,,False
Djunza,18,GRUPOS,C,MARRUECOS,HAITI,2.0,0.0,,False
Djunza,19,GRUPOS,D,ESTADOS UNIDOS,PARAGUAY,1.0,1.0,,False
Djunza,20,GRUPOS,D,AUSTRALIA,TURQUIA,0.0,1.0,,False
Djunza,21,GRUPOS,D,ESTADOS UNIDOS,AUSTRALIA,1.0,0.0,,False
Djunza,22,GRUPOS,D,TURQUIA,PARAGUAY,1.0,0.0,,False
Djunza,23,GRUPOS,D,PARAGUAY,AUSTRALIA,1.0,0.0,,False
Djunza,24,GRUPOS,D,TURQUIA,ESTADOS UNIDOS,1.0,1.0,,False
Djunza,25,GRUPOS,E,ALEMANIA,CURAZAO,4.0,0.0,,False
Djunza,26,GRUPOS,E,COSTA DE MARFIL,ECUADOR,1.0,1.0,,False
Djunza,27,GRUPOS,E,ALEMANIA,COSTA DE MARFIL,1.0,0.0,,False
Djunza,28,GRUPOS,E,ECUADOR,CURAZAO,2.0,0.0,,False
Djunza,29,GRUPOS,E,CURAZAO,COSTA DE MARFIL,0.0,1.0,,False
Djunza,30,GRUPOS,E,ECUADOR,ALEMANIA,1.0,1.0,,False
Djunza,31,GRUPOS,F,PAISES BAJOS,JAPON,1.0,0.0,,False
Djunza,32,GRUPOS,F,SUECIA,TUNEZ,1.0,0.0,,False
Djunza,33,GRUPOS,F,PAISES BAJOS,SUECIA,1.0,0.0,,False
Djunza,34,GRUPOS,F,TUNEZ,JAPON,0.0,1.0,,False
Djunza,35,GRUPOS,F,JAPON,SUECIA,1.0,0.0,,False
Djunza,36,GRUPOS,F,TUNEZ,PAISES BAJOS,0.0,2.0,,False
Djunza,37,GRUPOS,G,BELGICA,EGIPTO,1.0,0.0,,False
Djunza,38,GRUPOS,G,IRAN,NUEVA ZELANDA,1.0,0.0,,False
Djunza,39,GRUPOS,G,BELGICA,IRAN,1.0,0.0,,False
Djunza,40,GRUPOS,G,NUEVA ZELANDA,EGIPTO,0.0,1.0,,False
Djunza,41,GRUPOS,G,NUEVA ZELANDA,BELGICA,0.0,2.0,,False
Djunza,42,GRUPOS,G,EGIPTO,IRAN,0.0,1.0,,False
Djunza,43,GRUPOS,H,ESPAÑA,CABO VERDE,4.0,0.0,,False
Djunza,44,GRUPOS,H,ARABIA SAUDITA,URUGUAY,1.0,2.0,,False
Djunza,45,GRUPOS,H,ESPAÑA,ARABIA SAUDITA,2.0,0.0,,False
Djunza,46,GRUPOS,H,URUGUAY,CABO VERDE,2.0,0.0,,False
Djunza,47,GRUPOS,H,CABO VERDE,ARABIA SAUDITA,1.0,1.0,,False
Djunza,48,GRUPOS,H,URUGUAY,ESPAÑA,0.0,1.0,,False
Djunza,49,GRUPOS,I,FRANCIA,SENEGAL,2.0,1.0,,False
Djunza,50,GRUPOS,I,IRAK,NORUEGA,0.0,2.0,,False
Djunza,51,GRUPOS,I,FRANCIA,IRAK,3.0,0.0,,False
Djunza,52,GRUPOS,I,NORUEGA,SENEGAL,1.0,1.0,,False
Djunza,53,GRUPOS,I,SENEGAL,IRAK,2.0,0.0,,False
Djunza,54,GRUPOS,I,NORUEGA,FRANCIA,0.0,1.0,,False
Djunza,55,GRUPOS,J,ARGENTINA,ARGELIA,2.0,0.0,,False
Djunza,56,GRUPOS,J,AUSTRIA,JORDANIA,1.0,0.0,,False
Djunza,57,GRUPOS,J,ARGENTINA,AUSTRIA,2.0,0.0,,False
Djunza,58,GRUPOS,J,JORDANIA,ARGELIA,0.0,1.0,,False
Djunza,59,GRUPOS,J,ARGELIA,AUSTRIA,0.0,1.0,,False
Djunza,60,GRUPOS,J,JORDANIA,ARGENTINA,0.0,3.0,,False
Djunza,61,GRUPOS,K,PORTUGAL,RD CONGO,3.0,0.0,,False
Djunza,62,GRUPOS,K,UZBEKISTAN,COLOMBIA,0.0,2.0,,False
Djunza,63,GRUPOS,K,PORTUGAL,UZBEKISTAN,2.0,0.0,,False
Djunza,64,GRUPOS,K,COLOMBIA,RD CONGO,2.0,0.0,,False
Djunza,65,GRUPOS,K,RD CONGO,UZBEKISTAN,0.0,1.0,,False
Djunza,66,GRUPOS,K,COLOMBIA,PORTUGAL,1.0,1.0,,False
Djunza,67,GRUPOS,L,INGLATERRA,CROACIA,1.0,1.0,,False
Djunza,68,GRUPOS,L,GHANA,PANAMA,0.0,1.0,,False
Djunza,69,GRUPOS,L,INGLATERRA,GHANA,2.0,0.0,,False
Djunza,70,GRUPOS,L,PANAMA,CROACIA,0.0,2.0,,False
Djunza,71,GRUPOS,L,CROACIA,GHANA,2.0,0.0,,False
Djunza,72,GRUPOS,L,PANAMA,INGLATERRA,0.0,3.0,,False
Djunza,73,16AVOS,R32,SUDAFRICA,CANADA,1.0,2.0,CANADA,False
Djunza,74,16AVOS,R32,ALEMANIA,PARAGUAY,2.0,1.0,ALEMANIA,False
Djunza,75,16AVOS,R32,PAISES BAJOS,MARRUECOS,2.0,2.0,MARRUECOS,False
Djunza,76,16AVOS,R32,BRASIL,JAPON,2.0,1.0,BRASIL,False
Djunza,77,16AVOS,R32,FRANCIA,SUECIA,3.0,1.0,FRANCIA,False
Djunza,78,16AVOS,R32,COSTA DE MARFIL,NORUEGA,1.0,2.0,NORUEGA,False
Djunza,79,16AVOS,R32,MEXICO,ECUADOR,2.0,1.0,MEXICO,False
Djunza,80,16AVOS,R32,INGLATERRA,RD CONGO,2.0,1.0,INGLATERRA,False
Djunza,81,16AVOS,R32,ESTADOS UNIDOS,BOSNIA,2.0,0.0,ESTADOS UNIDOS,False
Djunza,82,16AVOS,R32,BELGICA,SENEGAL,1.0,1.0,SENEGAL,False
Djunza,83,16AVOS,R32,PORTUGAL,CROACIA,2.0,1.0,PORTUGAL,False
Djunza,84,16AVOS,R32,ESPANA,AUSTRIA,2.0,0.0,ESPANA,False
Djunza,85,16AVOS,R32,SUIZA,ARGELIA,1.0,2.0,ARGELIA,False
Djunza,86,16AVOS,R32,ARGENTINA,CABO VERDE,3.0,0.0,ARGENTINA,False
Djunza,87,16AVOS,R32,COLOMBIA,GHANA,2.0,1.0,COLOMBIA,False
Djunza,88,16AVOS,R32,AUSTRALIA,EGIPTO,2.0,2.0,EGIPTO,False
Djunza,89,OCTAVOS,R16,PARAGUAY,FRANCIA,1.0,3.0,FRANCIA,False
Djunza,90,OCTAVOS,R16,CANADA,MARRUECOS,1.0,2.0,MARRUECOS,False
Djunza,91,OCTAVOS,R16,PORTUGAL,ESPANA,1.0,2.0,ESPANA,False
Djunza,92,OCTAVOS,R16,ESTADOS UNIDOS,BELGICA,2.0,1.0,ESTADOS UNIDOS,False
Djunza,93,OCTAVOS,R16,BRASIL,NORUEGA,2.0,1.0,BRASIL,False
Djunza,94,OCTAVOS,R16,MEXICO,INGLATERRA,1.0,1.0,MEXICO,False
Djunza,95,OCTAVOS,R16,ARGENTINA,EGIPTO,3.0,0.0,ARGENTINA,False
Djunza,96,OCTAVOS,R16,SUIZA,COLOMBIA,1.0,2.0,COLOMBIA,False
Djunza,97,CUARTOS,QF,FRANCIA,MARRUECOS,2.0,1.0,FRANCIA,False
Djunza,98,CUARTOS,QF,ESPANA,BELGICA,2.0,1.0,ESPANA,False
Djunza,99,CUARTOS,QF,NORUEGA,INGLATERRA,1.0,2.0,INGLATERRA,False
Djunza,100,CUARTOS,QF,ARGENTINA,SUIZA,2.0,0.0,ARGENTINA,False
Djunza,101,SEMIFINALES,SF,FRANCIA,ESPANA,2,2,FRANCIA,False
Djunza,102,SEMIFINALES,SF,INGLATERRA,ARGENTINA,1,2,ARGENTINA,False
Gus,1,GRUPOS,A,MEXICO,SUDAFRICA,2.0,0.0,,False
Gus,2,GRUPOS,A,COREA DEL SUR,REPUBLICA CHECA,2.0,1.0,,False
Gus,3,GRUPOS,A,REPUBLICA CHECA,SUDAFRICA,2.0,0.0,,False
Gus,4,GRUPOS,A,MEXICO,COREA DEL SUR,1.0,0.0,,False
Gus,5,GRUPOS,A,SUDAFRICA,COREA DEL SUR,0.0,2.0,,False
Gus,6,GRUPOS,A,REPUBLICA CHECA,MEXICO,0.0,1.0,,False
Gus,7,GRUPOS,B,CANADA,BOSNIA,2.0,1.0,,False
Gus,8,GRUPOS,B,QATAR,SUIZA,0.0,2.0,,False
Gus,9,GRUPOS,B,SUIZA,BOSNIA,2.0,0.0,,False
Gus,10,GRUPOS,B,CANADA,QATAR,3.0,0.0,,False
Gus,11,GRUPOS,B,BOSNIA,QATAR,2.0,0.0,,False
Gus,12,GRUPOS,B,SUIZA,CANADA,2.0,1.0,,False
Gus,13,GRUPOS,C,BRASIL,MARRUECOS,2.0,0.0,,False
Gus,14,GRUPOS,C,HAITI,ESCOCIA,0.0,2.0,,False
Gus,15,GRUPOS,C,ESCOCIA,MARRUECOS,1.0,2.0,,False
Gus,16,GRUPOS,C,BRASIL,HAITI,4.0,0.0,,False
Gus,17,GRUPOS,C,ESCOCIA,BRASIL,0.0,2.0,,False
Gus,18,GRUPOS,C,MARRUECOS,HAITI,3.0,0.0,,False
Gus,19,GRUPOS,D,ESTADOS UNIDOS,PARAGUAY,2.0,0.0,,False
Gus,20,GRUPOS,D,AUSTRALIA,TURQUIA,1.0,2.0,,False
Gus,21,GRUPOS,D,ESTADOS UNIDOS,AUSTRALIA,2.0,0.0,,False
Gus,22,GRUPOS,D,TURQUIA,PARAGUAY,2.0,0.0,,False
Gus,23,GRUPOS,D,PARAGUAY,AUSTRALIA,2.0,1.0,,False
Gus,24,GRUPOS,D,TURQUIA,ESTADOS UNIDOS,1.0,2.0,,False
Gus,25,GRUPOS,E,ALEMANIA,CURAZAO,5.0,0.0,,False
Gus,26,GRUPOS,E,COSTA DE MARFIL,ECUADOR,1.0,2.0,,False
Gus,27,GRUPOS,E,ALEMANIA,COSTA DE MARFIL,3.0,1.0,,False
Gus,28,GRUPOS,E,ECUADOR,CURAZAO,3.0,0.0,,False
Gus,29,GRUPOS,E,CURAZAO,COSTA DE MARFIL,0.0,3.0,,False
Gus,30,GRUPOS,E,ECUADOR,ALEMANIA,0.0,2.0,,False
Gus,31,GRUPOS,F,PAISES BAJOS,JAPON,2.0,1.0,,False
Gus,32,GRUPOS,F,SUECIA,TUNEZ,2.0,0.0,,False
Gus,33,GRUPOS,F,PAISES BAJOS,SUECIA,2.0,1.0,,False
Gus,34,GRUPOS,F,TUNEZ,JAPON,0.0,2.0,,False
Gus,35,GRUPOS,F,JAPON,SUECIA,1.0,0.0,,False
Gus,36,GRUPOS,F,TUNEZ,PAISES BAJOS,0.0,3.0,,False
Gus,37,GRUPOS,G,BELGICA,EGIPTO,2.0,0.0,,False
Gus,38,GRUPOS,G,IRAN,NUEVA ZELANDA,2.0,0.0,,False
Gus,39,GRUPOS,G,BELGICA,IRAN,2.0,0.0,,False
Gus,40,GRUPOS,G,NUEVA ZELANDA,EGIPTO,0.0,2.0,,False
Gus,41,GRUPOS,G,NUEVA ZELANDA,BELGICA,0.0,3.0,,False
Gus,42,GRUPOS,G,EGIPTO,IRAN,1.0,0.0,,False
Gus,43,GRUPOS,H,ESPAÑA,CABO VERDE,4.0,0.0,,False
Gus,44,GRUPOS,H,ARABIA SAUDITA,URUGUAY,0.0,2.0,,False
Gus,45,GRUPOS,H,ESPAÑA,ARABIA SAUDITA,3.0,0.0,,False
Gus,46,GRUPOS,H,URUGUAY,CABO VERDE,3.0,0.0,,False
Gus,47,GRUPOS,H,CABO VERDE,ARABIA SAUDITA,1.0,2.0,,False
Gus,48,GRUPOS,H,URUGUAY,ESPAÑA,1.0,2.0,,False
Gus,49,GRUPOS,I,FRANCIA,SENEGAL,2.0,0.0,,False
Gus,50,GRUPOS,I,IRAK,NORUEGA,0.0,3.0,,False
Gus,51,GRUPOS,I,FRANCIA,IRAK,5.0,0.0,,False
Gus,52,GRUPOS,I,NORUEGA,SENEGAL,2.0,1.0,,False
Gus,53,GRUPOS,I,SENEGAL,IRAK,3.0,0.0,,False
Gus,54,GRUPOS,I,NORUEGA,FRANCIA,1.0,2.0,,False
Gus,55,GRUPOS,J,ARGENTINA,ARGELIA,3.0,0.0,,False
Gus,56,GRUPOS,J,AUSTRIA,JORDANIA,3.0,0.0,,False
Gus,57,GRUPOS,J,ARGENTINA,AUSTRIA,2.0,0.0,,False
Gus,58,GRUPOS,J,JORDANIA,ARGELIA,0.0,1.0,,False
Gus,59,GRUPOS,J,ARGELIA,AUSTRIA,0.0,2.0,,False
Gus,60,GRUPOS,J,JORDANIA,ARGENTINA,0.0,3.0,,False
Gus,61,GRUPOS,K,PORTUGAL,RD CONGO,3.0,0.0,,False
Gus,62,GRUPOS,K,UZBEKISTAN,COLOMBIA,0.0,2.0,,False
Gus,63,GRUPOS,K,PORTUGAL,UZBEKISTAN,4.0,0.0,,False
Gus,64,GRUPOS,K,COLOMBIA,RD CONGO,3.0,0.0,,False
Gus,65,GRUPOS,K,RD CONGO,UZBEKISTAN,1.0,0.0,,False
Gus,66,GRUPOS,K,COLOMBIA,PORTUGAL,1.0,2.0,,False
Gus,67,GRUPOS,L,INGLATERRA,CROACIA,2.0,0.0,,False
Gus,68,GRUPOS,L,GHANA,PANAMA,2.0,0.0,,False
Gus,69,GRUPOS,L,INGLATERRA,GHANA,2.0,0.0,,False
Gus,70,GRUPOS,L,PANAMA,CROACIA,0.0,2.0,,False
Gus,71,GRUPOS,L,CROACIA,GHANA,2.0,1.0,,False
Gus,72,GRUPOS,L,PANAMA,INGLATERRA,0.0,4.0,,False
Gus,73,16AVOS,R32,SUDAFRICA,CANADA,1.0,2.0,CANADA,False
Gus,74,16AVOS,R32,ALEMANIA,PARAGUAY,3.0,0.0,ALEMANIA,False
Gus,75,16AVOS,R32,PAISES BAJOS,MARRUECOS,1.0,0.0,PAISES BAJOS,False
Gus,76,16AVOS,R32,BRASIL,JAPON,2.0,1.0,BRASIL,False
Gus,77,16AVOS,R32,FRANCIA,SUECIA,3.0,0.0,FRANCIA,False
Gus,78,16AVOS,R32,COSTA DE MARFIL,NORUEGA,1.0,2.0,NORUEGA,False
Gus,79,16AVOS,R32,MEXICO,ECUADOR,2.0,1.0,MEXICO,False
Gus,80,16AVOS,R32,INGLATERRA,RD CONGO,3.0,0.0,INGLATERRA,False
Gus,81,16AVOS,R32,ESTADOS UNIDOS,BOSNIA,2.0,0.0,ESTADOS UNIDOS,False
Gus,82,16AVOS,R32,BELGICA,SENEGAL,2.0,1.0,BELGICA,False
Gus,83,16AVOS,R32,PORTUGAL,CROACIA,2.0,0.0,PORTUGAL,False
Gus,84,16AVOS,R32,ESPANA,AUSTRIA,2.0,0.0,ESPANA,False
Gus,85,16AVOS,R32,SUIZA,ARGELIA,2.0,0.0,SUIZA,False
Gus,86,16AVOS,R32,ARGENTINA,CABO VERDE,3.0,0.0,ARGENTINA,False
Gus,87,16AVOS,R32,COLOMBIA,GHANA,2.0,0.0,COLOMBIA,False
Gus,88,16AVOS,R32,AUSTRALIA,EGIPTO,1.0,2.0,EGIPTO,False
Gus,89,OCTAVOS,R16,PARAGUAY,FRANCIA,0.0,3.0,FRANCIA,False
Gus,90,OCTAVOS,R16,CANADA,MARRUECOS,,,,True
Gus,91,OCTAVOS,R16,PORTUGAL,ESPANA,1.0,2.0,ESPANA,False
Gus,92,OCTAVOS,R16,ESTADOS UNIDOS,BELGICA,2.0,1.0,ESTADOS UNIDOS,False
Gus,93,OCTAVOS,R16,BRASIL,NORUEGA,2.0,0.0,BRASIL,False
Gus,94,OCTAVOS,R16,MEXICO,INGLATERRA,1.0,2.0,INGLATERRA,False
Gus,95,OCTAVOS,R16,ARGENTINA,EGIPTO,2.0,0.0,ARGENTINA,False
Gus,96,OCTAVOS,R16,SUIZA,COLOMBIA,1.0,2.0,COLOMBIA,False
Gus,97,CUARTOS,QF,FRANCIA,MARRUECOS,2.0,0.0,FRANCIA,False
Gus,98,CUARTOS,QF,ESPANA,BELGICA,1.0,0.0,ESPANA,False
Gus,99,CUARTOS,QF,NORUEGA,INGLATERRA,2.0,1.0,NORUEGA,False
Gus,100,CUARTOS,QF,ARGENTINA,SUIZA,2.0,1.0,ARGENTINA,False
Gus,101,SEMIFINALES,SF,FRANCIA,ESPANA,1,0,FRANCIA,False
Gus,102,SEMIFINALES,SF,INGLATERRA,ARGENTINA,2,1,INGLATERRA,False
Jogy,1,GRUPOS,A,MEXICO,SUDAFRICA,3.0,1.0,,False
Jogy,2,GRUPOS,A,COREA DEL SUR,REPUBLICA CHECA,2.0,1.0,,False
Jogy,3,GRUPOS,A,REPUBLICA CHECA,SUDAFRICA,1.0,1.0,,False
Jogy,4,GRUPOS,A,MEXICO,COREA DEL SUR,1.0,2.0,,False
Jogy,5,GRUPOS,A,SUDAFRICA,COREA DEL SUR,2.0,0.0,,False
Jogy,6,GRUPOS,A,REPUBLICA CHECA,MEXICO,0.0,2.0,,False
Jogy,7,GRUPOS,B,CANADA,BOSNIA,2.0,0.0,,False
Jogy,8,GRUPOS,B,QATAR,SUIZA,0.0,3.0,,False
Jogy,9,GRUPOS,B,SUIZA,BOSNIA,2.0,1.0,,False
Jogy,10,GRUPOS,B,CANADA,QATAR,3.0,1.0,,False
Jogy,11,GRUPOS,B,BOSNIA,QATAR,1.0,1.0,,False
Jogy,12,GRUPOS,B,SUIZA,CANADA,1.0,1.0,,False
Jogy,13,GRUPOS,C,BRASIL,MARRUECOS,1.0,1.0,,False
Jogy,14,GRUPOS,C,HAITI,ESCOCIA,0.0,2.0,,False
Jogy,15,GRUPOS,C,ESCOCIA,MARRUECOS,1.0,2.0,,False
Jogy,16,GRUPOS,C,BRASIL,HAITI,4.0,0.0,,False
Jogy,17,GRUPOS,C,ESCOCIA,BRASIL,0.0,3.0,,False
Jogy,18,GRUPOS,C,MARRUECOS,HAITI,3.0,0.0,,False
Jogy,19,GRUPOS,D,ESTADOS UNIDOS,PARAGUAY,2.0,1.0,,False
Jogy,20,GRUPOS,D,AUSTRALIA,TURQUIA,0.0,2.0,,False
Jogy,21,GRUPOS,D,ESTADOS UNIDOS,AUSTRALIA,2.0,1.0,,False
Jogy,22,GRUPOS,D,TURQUIA,PARAGUAY,2.0,0.0,,False
Jogy,23,GRUPOS,D,PARAGUAY,AUSTRALIA,1.0,1.0,,False
Jogy,24,GRUPOS,D,TURQUIA,ESTADOS UNIDOS,2.0,1.0,,False
Jogy,25,GRUPOS,E,ALEMANIA,CURAZAO,4.0,0.0,,False
Jogy,26,GRUPOS,E,COSTA DE MARFIL,ECUADOR,1.0,1.0,,False
Jogy,27,GRUPOS,E,ALEMANIA,COSTA DE MARFIL,2.0,0.0,,False
Jogy,28,GRUPOS,E,ECUADOR,CURAZAO,2.0,0.0,,False
Jogy,29,GRUPOS,E,CURAZAO,COSTA DE MARFIL,1.0,2.0,,False
Jogy,30,GRUPOS,E,ECUADOR,ALEMANIA,1.0,1.0,,False
Jogy,31,GRUPOS,F,PAISES BAJOS,JAPON,2.0,1.0,,False
Jogy,32,GRUPOS,F,SUECIA,TUNEZ,1.0,1.0,,False
Jogy,33,GRUPOS,F,PAISES BAJOS,SUECIA,2.0,0.0,,False
Jogy,34,GRUPOS,F,TUNEZ,JAPON,0.0,1.0,,False
Jogy,35,GRUPOS,F,JAPON,SUECIA,2.0,1.0,,False
Jogy,36,GRUPOS,F,TUNEZ,PAISES BAJOS,0.0,3.0,,False
Jogy,37,GRUPOS,G,BELGICA,EGIPTO,2.0,0.0,,False
Jogy,38,GRUPOS,G,IRAN,NUEVA ZELANDA,2.0,0.0,,False
Jogy,39,GRUPOS,G,BELGICA,IRAN,3.0,1.0,,False
Jogy,40,GRUPOS,G,NUEVA ZELANDA,EGIPTO,1.0,1.0,,False
Jogy,41,GRUPOS,G,NUEVA ZELANDA,BELGICA,0.0,4.0,,False
Jogy,42,GRUPOS,G,EGIPTO,IRAN,1.0,1.0,,False
Jogy,43,GRUPOS,H,ESPAÑA,CABO VERDE,4.0,0.0,,False
Jogy,44,GRUPOS,H,ARABIA SAUDITA,URUGUAY,0.0,2.0,,False
Jogy,45,GRUPOS,H,ESPAÑA,ARABIA SAUDITA,3.0,0.0,,False
Jogy,46,GRUPOS,H,URUGUAY,CABO VERDE,2.0,0.0,,False
Jogy,47,GRUPOS,H,CABO VERDE,ARABIA SAUDITA,1.0,1.0,,False
Jogy,48,GRUPOS,H,URUGUAY,ESPAÑA,1.0,2.0,,False
Jogy,49,GRUPOS,I,FRANCIA,SENEGAL,2.0,1.0,,False
Jogy,50,GRUPOS,I,IRAK,NORUEGA,0.0,2.0,,False
Jogy,51,GRUPOS,I,FRANCIA,IRAK,3.0,0.0,,False
Jogy,52,GRUPOS,I,NORUEGA,SENEGAL,2.0,1.0,,False
Jogy,53,GRUPOS,I,SENEGAL,IRAK,2.0,0.0,,False
Jogy,54,GRUPOS,I,NORUEGA,FRANCIA,1.0,1.0,,False
Jogy,55,GRUPOS,J,ARGENTINA,ARGELIA,3.0,0.0,,False
Jogy,56,GRUPOS,J,AUSTRIA,JORDANIA,2.0,0.0,,False
Jogy,57,GRUPOS,J,ARGENTINA,AUSTRIA,2.0,1.0,,False
Jogy,58,GRUPOS,J,JORDANIA,ARGELIA,1.0,1.0,,False
Jogy,59,GRUPOS,J,ARGELIA,AUSTRIA,1.0,2.0,,False
Jogy,60,GRUPOS,J,JORDANIA,ARGENTINA,0.0,3.0,,False
Jogy,61,GRUPOS,K,PORTUGAL,RD CONGO,3.0,0.0,,False
Jogy,62,GRUPOS,K,UZBEKISTAN,COLOMBIA,0.0,2.0,,False
Jogy,63,GRUPOS,K,PORTUGAL,UZBEKISTAN,2.0,0.0,,False
Jogy,64,GRUPOS,K,COLOMBIA,RD CONGO,2.0,1.0,,False
Jogy,65,GRUPOS,K,RD CONGO,UZBEKISTAN,1.0,1.0,,False
Jogy,66,GRUPOS,K,COLOMBIA,PORTUGAL,1.0,1.0,,False
Jogy,67,GRUPOS,L,INGLATERRA,CROACIA,2.0,1.0,,False
Jogy,68,GRUPOS,L,GHANA,PANAMA,1.0,1.0,,False
Jogy,69,GRUPOS,L,INGLATERRA,GHANA,3.0,0.0,,False
Jogy,70,GRUPOS,L,PANAMA,CROACIA,0.0,2.0,,False
Jogy,71,GRUPOS,L,CROACIA,GHANA,2.0,1.0,,False
Jogy,72,GRUPOS,L,PANAMA,INGLATERRA,0.0,4.0,,False
Jogy,73,16AVOS,R32,SUDAFRICA,CANADA,1.0,3.0,CANADA,False
Jogy,74,16AVOS,R32,ALEMANIA,PARAGUAY,1.0,0.0,ALEMANIA,False
Jogy,75,16AVOS,R32,PAISES BAJOS,MARRUECOS,2.0,2.0,MARRUECOS,False
Jogy,76,16AVOS,R32,BRASIL,JAPON,2.0,1.0,BRASIL,False
Jogy,77,16AVOS,R32,FRANCIA,SUECIA,2.0,0.0,FRANCIA,False
Jogy,78,16AVOS,R32,COSTA DE MARFIL,NORUEGA,0.0,1.0,NORUEGA,False
Jogy,79,16AVOS,R32,MEXICO,ECUADOR,1.0,1.0,ECUADOR,False
Jogy,80,16AVOS,R32,INGLATERRA,RD CONGO,1.0,0.0,INGLATERRA,False
Jogy,81,16AVOS,R32,ESTADOS UNIDOS,BOSNIA,1.0,0.0,ESTADOS UNIDOS,False
Jogy,82,16AVOS,R32,BELGICA,SENEGAL,1.0,1.0,BELGICA,False
Jogy,83,16AVOS,R32,PORTUGAL,CROACIA,1.0,0.0,PORTUGAL,False
Jogy,84,16AVOS,R32,ESPANA,AUSTRIA,2.0,0.0,ESPANA,False
Jogy,85,16AVOS,R32,SUIZA,ARGELIA,1.0,1.0,SUIZA,False
Jogy,86,16AVOS,R32,ARGENTINA,CABO VERDE,2.0,0.0,ARGENTINA,False
Jogy,87,16AVOS,R32,COLOMBIA,GHANA,1.0,0.0,COLOMBIA,False
Jogy,88,16AVOS,R32,AUSTRALIA,EGIPTO,0.0,0.0,EGIPTO,False
Jogy,89,OCTAVOS,R16,PARAGUAY,FRANCIA,0.0,3.0,FRANCIA,False
Jogy,90,OCTAVOS,R16,CANADA,MARRUECOS,0.0,2.0,MARRUECOS,False
Jogy,91,OCTAVOS,R16,PORTUGAL,ESPANA,2.0,2.0,PORTUGAL,False
Jogy,92,OCTAVOS,R16,ESTADOS UNIDOS,BELGICA,2.0,0.0,ESTADOS UNIDOS,False
Jogy,93,OCTAVOS,R16,BRASIL,NORUEGA,2.0,1.0,BRASIL,False
Jogy,94,OCTAVOS,R16,MEXICO,INGLATERRA,1.0,1.0,INGLATERRA,False
Jogy,95,OCTAVOS,R16,ARGENTINA,EGIPTO,2.0,0.0,ARGENTINA,False
Jogy,96,OCTAVOS,R16,SUIZA,COLOMBIA,0.0,1.0,COLOMBIA,False
Jogy,97,CUARTOS,QF,FRANCIA,MARRUECOS,2.0,1.0,FRANCIA,False
Jogy,98,CUARTOS,QF,ESPANA,BELGICA,1.0,0.0,ESPANA,False
Jogy,99,CUARTOS,QF,NORUEGA,INGLATERRA,2.0,2.0,INGLATERRA,False
Jogy,100,CUARTOS,QF,ARGENTINA,SUIZA,3.0,2.0,ARGENTINA,False
Jogy,101,SEMIFINALES,SF,FRANCIA,ESPANA,2,1,FRANCIA,False
Jogy,102,SEMIFINALES,SF,INGLATERRA,ARGENTINA,2,2,INGLATERRA,False
Kratos,1,GRUPOS,A,MEXICO,SUDAFRICA,1.0,0.0,,False
Kratos,2,GRUPOS,A,COREA DEL SUR,REPUBLICA CHECA,1.0,2.0,,False
Kratos,3,GRUPOS,A,REPUBLICA CHECA,SUDAFRICA,1.0,0.0,,False
Kratos,4,GRUPOS,A,MEXICO,COREA DEL SUR,2.0,1.0,,False
Kratos,5,GRUPOS,A,SUDAFRICA,COREA DEL SUR,0.0,2.0,,False
Kratos,6,GRUPOS,A,REPUBLICA CHECA,MEXICO,1.0,2.0,,False
Kratos,7,GRUPOS,B,CANADA,BOSNIA,2.0,1.0,,False
Kratos,8,GRUPOS,B,QATAR,SUIZA,0.0,2.0,,False
Kratos,9,GRUPOS,B,SUIZA,BOSNIA,2.0,1.0,,False
Kratos,10,GRUPOS,B,CANADA,QATAR,2.0,0.0,,False
Kratos,11,GRUPOS,B,BOSNIA,QATAR,2.0,1.0,,False
Kratos,12,GRUPOS,B,SUIZA,CANADA,1.0,1.0,,False
Kratos,13,GRUPOS,C,BRASIL,MARRUECOS,2.0,1.0,,False
Kratos,14,GRUPOS,C,HAITI,ESCOCIA,0.0,1.0,,False
Kratos,15,GRUPOS,C,ESCOCIA,MARRUECOS,1.0,2.0,,False
Kratos,16,GRUPOS,C,BRASIL,HAITI,3.0,0.0,,False
Kratos,17,GRUPOS,C,ESCOCIA,BRASIL,0.0,2.0,,False
Kratos,18,GRUPOS,C,MARRUECOS,HAITI,3.0,0.0,,False
Kratos,19,GRUPOS,D,ESTADOS UNIDOS,PARAGUAY,2.0,1.0,,False
Kratos,20,GRUPOS,D,AUSTRALIA,TURQUIA,1.0,2.0,,False
Kratos,21,GRUPOS,D,ESTADOS UNIDOS,AUSTRALIA,2.0,0.0,,False
Kratos,22,GRUPOS,D,TURQUIA,PARAGUAY,1.0,1.0,,False
Kratos,23,GRUPOS,D,PARAGUAY,AUSTRALIA,1.0,1.0,,False
Kratos,24,GRUPOS,D,TURQUIA,ESTADOS UNIDOS,1.0,1.0,,False
Kratos,25,GRUPOS,E,ALEMANIA,CURAZAO,3.0,0.0,,False
Kratos,26,GRUPOS,E,COSTA DE MARFIL,ECUADOR,1.0,1.0,,False
Kratos,27,GRUPOS,E,ALEMANIA,COSTA DE MARFIL,2.0,1.0,,False
Kratos,28,GRUPOS,E,ECUADOR,CURAZAO,2.0,0.0,,False
Kratos,29,GRUPOS,E,CURAZAO,COSTA DE MARFIL,0.0,2.0,,False
Kratos,30,GRUPOS,E,ECUADOR,ALEMANIA,1.0,1.0,,False
Kratos,31,GRUPOS,F,PAISES BAJOS,JAPON,2.0,1.0,,False
Kratos,32,GRUPOS,F,SUECIA,TUNEZ,1.0,0.0,,False
Kratos,33,GRUPOS,F,PAISES BAJOS,SUECIA,2.0,0.0,,False
Kratos,34,GRUPOS,F,TUNEZ,JAPON,0.0,2.0,,False
Kratos,35,GRUPOS,F,JAPON,SUECIA,1.0,1.0,,False
Kratos,36,GRUPOS,F,TUNEZ,PAISES BAJOS,0.0,2.0,,False
Kratos,37,GRUPOS,G,BELGICA,EGIPTO,2.0,1.0,,False
Kratos,38,GRUPOS,G,IRAN,NUEVA ZELANDA,2.0,0.0,,False
Kratos,39,GRUPOS,G,BELGICA,IRAN,2.0,0.0,,False
Kratos,40,GRUPOS,G,NUEVA ZELANDA,EGIPTO,0.0,2.0,,False
Kratos,41,GRUPOS,G,NUEVA ZELANDA,BELGICA,0.0,3.0,,False
Kratos,42,GRUPOS,G,EGIPTO,IRAN,1.0,0.0,,False
Kratos,43,GRUPOS,H,ESPAÑA,CABO VERDE,3.0,0.0,,False
Kratos,44,GRUPOS,H,ARABIA SAUDITA,URUGUAY,0.0,2.0,,False
Kratos,45,GRUPOS,H,ESPAÑA,ARABIA SAUDITA,2.0,0.0,,False
Kratos,46,GRUPOS,H,URUGUAY,CABO VERDE,2.0,0.0,,False
Kratos,47,GRUPOS,H,CABO VERDE,ARABIA SAUDITA,1.0,1.0,,False
Kratos,48,GRUPOS,H,URUGUAY,ESPAÑA,1.0,1.0,,False
Kratos,49,GRUPOS,I,FRANCIA,SENEGAL,2.0,1.0,,False
Kratos,50,GRUPOS,I,IRAK,NORUEGA,0.0,2.0,,False
Kratos,51,GRUPOS,I,FRANCIA,IRAK,3.0,0.0,,False
Kratos,52,GRUPOS,I,NORUEGA,SENEGAL,1.0,1.0,,False
Kratos,53,GRUPOS,I,SENEGAL,IRAK,2.0,0.0,,False
Kratos,54,GRUPOS,I,NORUEGA,FRANCIA,1.0,2.0,,False
Kratos,55,GRUPOS,J,ARGENTINA,ARGELIA,2.0,0.0,,False
Kratos,56,GRUPOS,J,AUSTRIA,JORDANIA,1.0,0.0,,False
Kratos,57,GRUPOS,J,ARGENTINA,AUSTRIA,2.0,0.0,,False
Kratos,58,GRUPOS,J,JORDANIA,ARGELIA,0.0,1.0,,False
Kratos,59,GRUPOS,J,ARGELIA,AUSTRIA,1.0,1.0,,False
Kratos,60,GRUPOS,J,JORDANIA,ARGENTINA,0.0,3.0,,False
Kratos,61,GRUPOS,K,PORTUGAL,RD CONGO,3.0,0.0,,False
Kratos,62,GRUPOS,K,UZBEKISTAN,COLOMBIA,0.0,2.0,,False
Kratos,63,GRUPOS,K,PORTUGAL,UZBEKISTAN,2.0,0.0,,False
Kratos,64,GRUPOS,K,COLOMBIA,RD CONGO,2.0,0.0,,False
Kratos,65,GRUPOS,K,RD CONGO,UZBEKISTAN,1.0,1.0,,False
Kratos,66,GRUPOS,K,COLOMBIA,PORTUGAL,1.0,1.0,,False
Kratos,67,GRUPOS,L,INGLATERRA,CROACIA,1.0,0.0,,False
Kratos,68,GRUPOS,L,GHANA,PANAMA,2.0,0.0,,False
Kratos,69,GRUPOS,L,INGLATERRA,GHANA,2.0,0.0,,False
Kratos,70,GRUPOS,L,PANAMA,CROACIA,0.0,2.0,,False
Kratos,71,GRUPOS,L,CROACIA,GHANA,1.0,0.0,,False
Kratos,72,GRUPOS,L,PANAMA,INGLATERRA,0.0,3.0,,False
Kratos,73,16AVOS,R32,SUDAFRICA,CANADA,1.0,2.0,CANADA,False
Kratos,74,16AVOS,R32,ALEMANIA,PARAGUAY,2.0,0.0,ALEMANIA,False
Kratos,75,16AVOS,R32,PAISES BAJOS,MARRUECOS,1.0,1.0,MARRUECOS,False
Kratos,76,16AVOS,R32,BRASIL,JAPON,2.0,1.0,BRASIL,False
Kratos,77,16AVOS,R32,FRANCIA,SUECIA,2.0,0.0,FRANCIA,False
Kratos,78,16AVOS,R32,COSTA DE MARFIL,NORUEGA,1.0,2.0,NORUEGA,False
Kratos,79,16AVOS,R32,MEXICO,ECUADOR,1.0,0.0,MEXICO,False
Kratos,80,16AVOS,R32,INGLATERRA,RD CONGO,2.0,0.0,INGLATERRA,False
Kratos,81,16AVOS,R32,ESTADOS UNIDOS,BOSNIA,2.0,1.0,ESTADOS UNIDOS,False
Kratos,82,16AVOS,R32,BELGICA,SENEGAL,1.0,1.0,SENEGAL,False
Kratos,83,16AVOS,R32,PORTUGAL,CROACIA,1.0,1.0,CROACIA,False
Kratos,84,16AVOS,R32,ESPANA,AUSTRIA,2.0,0.0,ESPANA,False
Kratos,85,16AVOS,R32,SUIZA,ARGELIA,2.0,1.0,SUIZA,False
Kratos,86,16AVOS,R32,ARGENTINA,CABO VERDE,3.0,0.0,ARGENTINA,False
Kratos,87,16AVOS,R32,COLOMBIA,GHANA,2.0,0.0,COLOMBIA,False
Kratos,88,16AVOS,R32,AUSTRALIA,EGIPTO,1.0,1.0,EGIPTO,False
Kratos,89,OCTAVOS,R16,PARAGUAY,FRANCIA,0.0,2.0,FRANCIA,False
Kratos,90,OCTAVOS,R16,CANADA,MARRUECOS,,,,True
Kratos,91,OCTAVOS,R16,PORTUGAL,ESPANA,1.0,2.0,ESPANA,False
Kratos,92,OCTAVOS,R16,ESTADOS UNIDOS,BELGICA,1.0,1.0,ESTADOS UNIDOS,False
Kratos,93,OCTAVOS,R16,BRASIL,NORUEGA,1.0,2.0,NORUEGA,False
Kratos,94,OCTAVOS,R16,MEXICO,INGLATERRA,1.0,1.0,MEXICO,False
Kratos,95,OCTAVOS,R16,ARGENTINA,EGIPTO,3.0,1.0,ARGENTINA,False
Kratos,96,OCTAVOS,R16,SUIZA,COLOMBIA,1.0,2.0,COLOMBIA,False
Kratos,97,CUARTOS,QF,FRANCIA,MARRUECOS,2.0,1.0,FRANCIA,False
Kratos,98,CUARTOS,QF,ESPANA,BELGICA,1.0,0.0,ESPANA,False
Kratos,99,CUARTOS,QF,NORUEGA,INGLATERRA,1.0,1.0,NORUEGA,False
Kratos,100,CUARTOS,QF,ARGENTINA,SUIZA,2.0,1.0,ARGENTINA,False
Kratos,101,SEMIFINALES,SF,FRANCIA,ESPANA,1,2,ESPANA,False
Kratos,102,SEMIFINALES,SF,INGLATERRA,ARGENTINA,3,1,INGLATERRA,False
Luismi,1,GRUPOS,A,MEXICO,SUDAFRICA,2.0,1.0,,False
Luismi,2,GRUPOS,A,COREA DEL SUR,REPUBLICA CHECA,1.0,0.0,,False
Luismi,3,GRUPOS,A,REPUBLICA CHECA,SUDAFRICA,2.0,0.0,,False
Luismi,4,GRUPOS,A,MEXICO,COREA DEL SUR,1.0,1.0,,False
Luismi,5,GRUPOS,A,SUDAFRICA,COREA DEL SUR,0.0,0.0,,False
Luismi,6,GRUPOS,A,REPUBLICA CHECA,MEXICO,1.0,1.0,,False
Luismi,7,GRUPOS,B,CANADA,BOSNIA,1.0,1.0,,False
Luismi,8,GRUPOS,B,QATAR,SUIZA,0.0,1.0,,False
Luismi,9,GRUPOS,B,SUIZA,BOSNIA,0.0,0.0,,False
Luismi,10,GRUPOS,B,CANADA,QATAR,2.0,0.0,,False
Luismi,11,GRUPOS,B,BOSNIA,QATAR,1.0,0.0,,False
Luismi,12,GRUPOS,B,SUIZA,CANADA,0.0,1.0,,False
Luismi,13,GRUPOS,C,BRASIL,MARRUECOS,2.0,1.0,,False
Luismi,14,GRUPOS,C,HAITI,ESCOCIA,0.0,1.0,,False
Luismi,15,GRUPOS,C,ESCOCIA,MARRUECOS,0.0,1.0,,False
Luismi,16,GRUPOS,C,BRASIL,HAITI,3.0,0.0,,False
Luismi,17,GRUPOS,C,ESCOCIA,BRASIL,0.0,2.0,,False
Luismi,18,GRUPOS,C,MARRUECOS,HAITI,2.0,0.0,,False
Luismi,19,GRUPOS,D,ESTADOS UNIDOS,PARAGUAY,1.0,1.0,,False
Luismi,20,GRUPOS,D,AUSTRALIA,TURQUIA,0.0,0.0,,False
Luismi,21,GRUPOS,D,ESTADOS UNIDOS,AUSTRALIA,0.0,1.0,,False
Luismi,22,GRUPOS,D,TURQUIA,PARAGUAY,1.0,1.0,,False
Luismi,23,GRUPOS,D,PARAGUAY,AUSTRALIA,2.0,1.0,,False
Luismi,24,GRUPOS,D,TURQUIA,ESTADOS UNIDOS,2.0,0.0,,False
Luismi,25,GRUPOS,E,ALEMANIA,CURAZAO,4.0,0.0,,False
Luismi,26,GRUPOS,E,COSTA DE MARFIL,ECUADOR,1.0,2.0,,False
Luismi,27,GRUPOS,E,ALEMANIA,COSTA DE MARFIL,2.0,1.0,,False
Luismi,28,GRUPOS,E,ECUADOR,CURAZAO,2.0,0.0,,False
Luismi,29,GRUPOS,E,CURAZAO,COSTA DE MARFIL,0.0,3.0,,False
Luismi,30,GRUPOS,E,ECUADOR,ALEMANIA,1.0,3.0,,False
Luismi,31,GRUPOS,F,PAISES BAJOS,JAPON,3.0,2.0,,False
Luismi,32,GRUPOS,F,SUECIA,TUNEZ,2.0,0.0,,False
Luismi,33,GRUPOS,F,PAISES BAJOS,SUECIA,1.0,1.0,,False
Luismi,34,GRUPOS,F,TUNEZ,JAPON,0.0,1.0,,False
Luismi,35,GRUPOS,F,JAPON,SUECIA,1.0,2.0,,False
Luismi,36,GRUPOS,F,TUNEZ,PAISES BAJOS,0.0,3.0,,False
Luismi,37,GRUPOS,G,BELGICA,EGIPTO,2.0,0.0,,False
Luismi,38,GRUPOS,G,IRAN,NUEVA ZELANDA,1.0,1.0,,False
Luismi,39,GRUPOS,G,BELGICA,IRAN,2.0,1.0,,False
Luismi,40,GRUPOS,G,NUEVA ZELANDA,EGIPTO,0.0,1.0,,False
Luismi,41,GRUPOS,G,NUEVA ZELANDA,BELGICA,0.0,1.0,,False
Luismi,42,GRUPOS,G,EGIPTO,IRAN,1.0,1.0,,False
Luismi,43,GRUPOS,H,ESPAÑA,CABO VERDE,5.0,0.0,,False
Luismi,44,GRUPOS,H,ARABIA SAUDITA,URUGUAY,0.0,2.0,,False
Luismi,45,GRUPOS,H,ESPAÑA,ARABIA SAUDITA,2.0,0.0,,False
Luismi,46,GRUPOS,H,URUGUAY,CABO VERDE,3.0,0.0,,False
Luismi,47,GRUPOS,H,CABO VERDE,ARABIA SAUDITA,0.0,1.0,,False
Luismi,48,GRUPOS,H,URUGUAY,ESPAÑA,1.0,2.0,,False
Luismi,49,GRUPOS,I,FRANCIA,SENEGAL,2.0,2.0,,False
Luismi,50,GRUPOS,I,IRAK,NORUEGA,0.0,2.0,,False
Luismi,51,GRUPOS,I,FRANCIA,IRAK,3.0,1.0,,False
Luismi,52,GRUPOS,I,NORUEGA,SENEGAL,2.0,1.0,,False
Luismi,53,GRUPOS,I,SENEGAL,IRAK,2.0,0.0,,False
Luismi,54,GRUPOS,I,NORUEGA,FRANCIA,1.0,1.0,,False
Luismi,55,GRUPOS,J,ARGENTINA,ARGELIA,2.0,0.0,,False
Luismi,56,GRUPOS,J,AUSTRIA,JORDANIA,2.0,0.0,,False
Luismi,57,GRUPOS,J,ARGENTINA,AUSTRIA,2.0,0.0,,False
Luismi,58,GRUPOS,J,JORDANIA,ARGELIA,1.0,2.0,,False
Luismi,59,GRUPOS,J,ARGELIA,AUSTRIA,1.0,1.0,,False
Luismi,60,GRUPOS,J,JORDANIA,ARGENTINA,0.0,2.0,,False
Luismi,61,GRUPOS,K,PORTUGAL,RD CONGO,4.0,0.0,,False
Luismi,62,GRUPOS,K,UZBEKISTAN,COLOMBIA,0.0,3.0,,False
Luismi,63,GRUPOS,K,PORTUGAL,UZBEKISTAN,5.0,0.0,,False
Luismi,64,GRUPOS,K,COLOMBIA,RD CONGO,2.0,0.0,,False
Luismi,65,GRUPOS,K,RD CONGO,UZBEKISTAN,2.0,1.0,,False
Luismi,66,GRUPOS,K,COLOMBIA,PORTUGAL,1.0,1.0,,False
Luismi,67,GRUPOS,L,INGLATERRA,CROACIA,1.0,0.0,,False
Luismi,68,GRUPOS,L,GHANA,PANAMA,2.0,0.0,,False
Luismi,69,GRUPOS,L,INGLATERRA,GHANA,1.0,1.0,,False
Luismi,70,GRUPOS,L,PANAMA,CROACIA,0.0,2.0,,False
Luismi,71,GRUPOS,L,CROACIA,GHANA,1.0,0.0,,False
Luismi,72,GRUPOS,L,PANAMA,INGLATERRA,0.0,3.0,,False
Luismi,73,16AVOS,R32,SUDAFRICA,CANADA,1.0,1.0,CANADA,False
Luismi,74,16AVOS,R32,ALEMANIA,PARAGUAY,1.0,0.0,ALEMANIA,False
Luismi,75,16AVOS,R32,PAISES BAJOS,MARRUECOS,2.0,2.0,MARRUECOS,False
Luismi,76,16AVOS,R32,BRASIL,JAPON,2.0,0.0,BRASIL,False
Luismi,77,16AVOS,R32,FRANCIA,SUECIA,2.0,0.0,FRANCIA,False
Luismi,78,16AVOS,R32,COSTA DE MARFIL,NORUEGA,0.0,2.0,NORUEGA,False
Luismi,79,16AVOS,R32,MEXICO,ECUADOR,1.0,2.0,ECUADOR,False
Luismi,80,16AVOS,R32,INGLATERRA,RD CONGO,3.0,0.0,INGLATERRA,False
Luismi,81,16AVOS,R32,ESTADOS UNIDOS,BOSNIA,2.0,1.0,ESTADOS UNIDOS,False
Luismi,82,16AVOS,R32,BELGICA,SENEGAL,1.0,1.0,BELGICA,False
Luismi,83,16AVOS,R32,PORTUGAL,CROACIA,2.0,0.0,PORTUGAL,False
Luismi,84,16AVOS,R32,ESPANA,AUSTRIA,2.0,0.0,ESPANA,False
Luismi,85,16AVOS,R32,SUIZA,ARGELIA,1.0,0.0,SUIZA,False
Luismi,86,16AVOS,R32,ARGENTINA,CABO VERDE,2.0,0.0,ARGENTINA,False
Luismi,87,16AVOS,R32,COLOMBIA,GHANA,2.0,1.0,COLOMBIA,False
Luismi,88,16AVOS,R32,AUSTRALIA,EGIPTO,1.0,1.0,EGIPTO,False
Luismi,89,OCTAVOS,R16,PARAGUAY,FRANCIA,0.0,3.0,FRANCIA,False
Luismi,90,OCTAVOS,R16,CANADA,MARRUECOS,0.0,2.0,MARRUECOS,False
Luismi,91,OCTAVOS,R16,PORTUGAL,ESPANA,1.0,2.0,ESPANA,False
Luismi,92,OCTAVOS,R16,ESTADOS UNIDOS,BELGICA,1.0,0.0,ESTADOS UNIDOS,False
Luismi,93,OCTAVOS,R16,BRASIL,NORUEGA,2.0,1.0,BRASIL,False
Luismi,94,OCTAVOS,R16,MEXICO,INGLATERRA,1.0,1.0,MEXICO,False
Luismi,95,OCTAVOS,R16,ARGENTINA,EGIPTO,3.0,0.0,ARGENTINA,False
Luismi,96,OCTAVOS,R16,SUIZA,COLOMBIA,0.0,1.0,COLOMBIA,False
Luismi,97,CUARTOS,QF,FRANCIA,MARRUECOS,2.0,0.0,FRANCIA,False
Luismi,98,CUARTOS,QF,ESPANA,BELGICA,2.0,0.0,ESPANA,False
Luismi,99,CUARTOS,QF,NORUEGA,INGLATERRA,1.0,1.0,INGLATERRA,False
Luismi,100,CUARTOS,QF,ARGENTINA,SUIZA,2.0,1.0,ARGENTINA,False
Luismi,101,SEMIFINALES,SF,FRANCIA,ESPANA,1,2,ESPANA,False
Luismi,102,SEMIFINALES,SF,INGLATERRA,ARGENTINA,2,1,INGLATERRA,False
Masaru,1,GRUPOS,A,MEXICO,SUDAFRICA,2.0,0.0,,False
Masaru,2,GRUPOS,A,COREA DEL SUR,REPUBLICA CHECA,1.0,1.0,,False
Masaru,3,GRUPOS,A,REPUBLICA CHECA,SUDAFRICA,1.0,0.0,,False
Masaru,4,GRUPOS,A,MEXICO,COREA DEL SUR,2.0,1.0,,False
Masaru,5,GRUPOS,A,SUDAFRICA,COREA DEL SUR,0.0,2.0,,False
Masaru,6,GRUPOS,A,REPUBLICA CHECA,MEXICO,1.0,1.0,,False
Masaru,7,GRUPOS,B,CANADA,BOSNIA,2.0,1.0,,False
Masaru,8,GRUPOS,B,QATAR,SUIZA,0.0,2.0,,False
Masaru,9,GRUPOS,B,SUIZA,BOSNIA,2.0,1.0,,False
Masaru,10,GRUPOS,B,CANADA,QATAR,2.0,0.0,,False
Masaru,11,GRUPOS,B,BOSNIA,QATAR,2.0,1.0,,False
Masaru,12,GRUPOS,B,SUIZA,CANADA,1.0,1.0,,False
Masaru,13,GRUPOS,C,BRASIL,MARRUECOS,2.0,1.0,,False
Masaru,14,GRUPOS,C,HAITI,ESCOCIA,0.0,2.0,,False
Masaru,15,GRUPOS,C,ESCOCIA,MARRUECOS,1.0,1.0,,False
Masaru,16,GRUPOS,C,BRASIL,HAITI,3.0,0.0,,False
Masaru,17,GRUPOS,C,ESCOCIA,BRASIL,0.0,2.0,,False
Masaru,18,GRUPOS,C,MARRUECOS,HAITI,2.0,0.0,,False
Masaru,19,GRUPOS,D,ESTADOS UNIDOS,PARAGUAY,1.0,1.0,,False
Masaru,20,GRUPOS,D,AUSTRALIA,TURQUIA,1.0,2.0,,False
Masaru,21,GRUPOS,D,ESTADOS UNIDOS,AUSTRALIA,2.0,0.0,,False
Masaru,22,GRUPOS,D,TURQUIA,PARAGUAY,1.0,1.0,,False
Masaru,23,GRUPOS,D,PARAGUAY,AUSTRALIA,2.0,1.0,,False
Masaru,24,GRUPOS,D,TURQUIA,ESTADOS UNIDOS,1.0,1.0,,False
Masaru,25,GRUPOS,E,ALEMANIA,CURAZAO,3.0,0.0,,False
Masaru,26,GRUPOS,E,COSTA DE MARFIL,ECUADOR,0.0,1.0,,False
Masaru,27,GRUPOS,E,ALEMANIA,COSTA DE MARFIL,2.0,1.0,,False
Masaru,28,GRUPOS,E,ECUADOR,CURAZAO,2.0,0.0,,False
Masaru,29,GRUPOS,E,CURAZAO,COSTA DE MARFIL,1.0,2.0,,False
Masaru,30,GRUPOS,E,ECUADOR,ALEMANIA,1.0,1.0,,False
Masaru,31,GRUPOS,F,PAISES BAJOS,JAPON,1.0,1.0,,False
Masaru,32,GRUPOS,F,SUECIA,TUNEZ,2.0,0.0,,False
Masaru,33,GRUPOS,F,PAISES BAJOS,SUECIA,2.0,1.0,,False
Masaru,34,GRUPOS,F,TUNEZ,JAPON,1.0,3.0,,False
Masaru,35,GRUPOS,F,JAPON,SUECIA,2.0,1.0,,False
Masaru,36,GRUPOS,F,TUNEZ,PAISES BAJOS,0.0,2.0,,False
Masaru,37,GRUPOS,G,BELGICA,EGIPTO,2.0,1.0,,False
Masaru,38,GRUPOS,G,IRAN,NUEVA ZELANDA,2.0,1.0,,False
Masaru,39,GRUPOS,G,BELGICA,IRAN,2.0,0.0,,False
Masaru,40,GRUPOS,G,NUEVA ZELANDA,EGIPTO,0.0,2.0,,False
Masaru,41,GRUPOS,G,NUEVA ZELANDA,BELGICA,3.0,0.0,,False
Masaru,42,GRUPOS,G,EGIPTO,IRAN,1.0,1.0,,False
Masaru,43,GRUPOS,H,ESPAÑA,CABO VERDE,2.0,0.0,,False
Masaru,44,GRUPOS,H,ARABIA SAUDITA,URUGUAY,0.0,2.0,,False
Masaru,45,GRUPOS,H,ESPAÑA,ARABIA SAUDITA,2.0,0.0,,False
Masaru,46,GRUPOS,H,URUGUAY,CABO VERDE,2.0,1.0,,False
Masaru,47,GRUPOS,H,CABO VERDE,ARABIA SAUDITA,1.0,1.0,,False
Masaru,48,GRUPOS,H,URUGUAY,ESPAÑA,1.0,1.0,,False
Masaru,49,GRUPOS,I,FRANCIA,SENEGAL,2.0,1.0,,False
Masaru,50,GRUPOS,I,IRAK,NORUEGA,0.0,2.0,,False
Masaru,51,GRUPOS,I,FRANCIA,IRAK,3.0,0.0,,False
Masaru,52,GRUPOS,I,NORUEGA,SENEGAL,2.0,1.0,,False
Masaru,53,GRUPOS,I,SENEGAL,IRAK,2.0,0.0,,False
Masaru,54,GRUPOS,I,NORUEGA,FRANCIA,2.0,2.0,,False
Masaru,55,GRUPOS,J,ARGENTINA,ARGELIA,2.0,0.0,,False
Masaru,56,GRUPOS,J,AUSTRIA,JORDANIA,3.0,1.0,,False
Masaru,57,GRUPOS,J,ARGENTINA,AUSTRIA,2.0,1.0,,False
Masaru,58,GRUPOS,J,JORDANIA,ARGELIA,0.0,1.0,,False
Masaru,59,GRUPOS,J,ARGELIA,AUSTRIA,1.0,1.0,,False
Masaru,60,GRUPOS,J,JORDANIA,ARGENTINA,0.0,3.0,,False
Masaru,61,GRUPOS,K,PORTUGAL,RD CONGO,2.0,0.0,,False
Masaru,62,GRUPOS,K,UZBEKISTAN,COLOMBIA,1.0,2.0,,False
Masaru,63,GRUPOS,K,PORTUGAL,UZBEKISTAN,2.0,0.0,,False
Masaru,64,GRUPOS,K,COLOMBIA,RD CONGO,2.0,0.0,,False
Masaru,65,GRUPOS,K,RD CONGO,UZBEKISTAN,1.0,2.0,,False
Masaru,66,GRUPOS,K,COLOMBIA,PORTUGAL,1.0,1.0,,False
Masaru,67,GRUPOS,L,INGLATERRA,CROACIA,2.0,1.0,,False
Masaru,68,GRUPOS,L,GHANA,PANAMA,2.0,1.0,,False
Masaru,69,GRUPOS,L,INGLATERRA,GHANA,2.0,0.0,,False
Masaru,70,GRUPOS,L,PANAMA,CROACIA,2.0,0.0,,False
Masaru,71,GRUPOS,L,CROACIA,GHANA,1.0,1.0,,False
Masaru,72,GRUPOS,L,PANAMA,INGLATERRA,0.0,2.0,,False
Masaru,73,16AVOS,R32,SUDAFRICA,CANADA,1.0,2.0,CANADA,False
Masaru,74,16AVOS,R32,ALEMANIA,PARAGUAY,2.0,0.0,ALEMANIA,False
Masaru,75,16AVOS,R32,PAISES BAJOS,MARRUECOS,2.0,1.0,PAISES BAJOS,False
Masaru,76,16AVOS,R32,BRASIL,JAPON,2.0,3.0,JAPON,False
Masaru,77,16AVOS,R32,FRANCIA,SUECIA,3.0,1.0,FRANCIA,False
Masaru,78,16AVOS,R32,COSTA DE MARFIL,NORUEGA,1.0,2.0,NORUEGA,False
Masaru,79,16AVOS,R32,MEXICO,ECUADOR,0.0,1.0,ECUADOR,False
Masaru,80,16AVOS,R32,INGLATERRA,RD CONGO,2.0,0.0,INGLATERRA,False
Masaru,81,16AVOS,R32,ESTADOS UNIDOS,BOSNIA,2.0,0.0,ESTADOS UNIDOS,False
Masaru,82,16AVOS,R32,BELGICA,SENEGAL,2.0,0.0,BELGICA,False
Masaru,83,16AVOS,R32,PORTUGAL,CROACIA,0.0,1.0,CROACIA,False
Masaru,84,16AVOS,R32,ESPANA,AUSTRIA,2.0,1.0,ESPANA,False
Masaru,85,16AVOS,R32,SUIZA,ARGELIA,1.0,0.0,SUIZA,False
Masaru,86,16AVOS,R32,ARGENTINA,CABO VERDE,2.0,0.0,ARGENTINA,False
Masaru,87,16AVOS,R32,COLOMBIA,GHANA,2.0,1.0,COLOMBIA,False
Masaru,88,16AVOS,R32,AUSTRALIA,EGIPTO,0.0,1.0,EGIPTO,False
Masaru,89,OCTAVOS,R16,PARAGUAY,FRANCIA,1.0,1.0,PARAGUAY,False
Masaru,90,OCTAVOS,R16,CANADA,MARRUECOS,0.0,1.0,MARRUECOS,False
Masaru,91,OCTAVOS,R16,PORTUGAL,ESPANA,1.0,2.0,ESPANA,False
Masaru,92,OCTAVOS,R16,ESTADOS UNIDOS,BELGICA,1.0,2.0,BELGICA,False
Masaru,93,OCTAVOS,R16,BRASIL,NORUEGA,2.0,1.0,BRASIL,False
Masaru,94,OCTAVOS,R16,MEXICO,INGLATERRA,0.0,2.0,INGLATERRA,False
Masaru,95,OCTAVOS,R16,ARGENTINA,EGIPTO,2.0,0.0,ARGENTINA,False
Masaru,96,OCTAVOS,R16,SUIZA,COLOMBIA,1.0,2.0,COLOMBIA,False
Masaru,97,CUARTOS,QF,FRANCIA,MARRUECOS,,,,True
Masaru,98,CUARTOS,QF,ESPANA,BELGICA,2.0,1.0,ESPANA,False
Masaru,99,CUARTOS,QF,NORUEGA,INGLATERRA,2.0,1.0,NORUEGA,False
Masaru,100,CUARTOS,QF,ARGENTINA,SUIZA,2.0,0.0,ARGENTINA,False
Masaru,101,SEMIFINALES,SF,FRANCIA,ESPANA,2,1,FRANCIA,False
Masaru,102,SEMIFINALES,SF,INGLATERRA,ARGENTINA,1,2,ARGENTINA,False
Trucha,1,GRUPOS,A,MEXICO,SUDAFRICA,2.0,0.0,,False
Trucha,2,GRUPOS,A,COREA DEL SUR,REPUBLICA CHECA,1.0,1.0,,False
Trucha,3,GRUPOS,A,REPUBLICA CHECA,SUDAFRICA,2.0,0.0,,False
Trucha,4,GRUPOS,A,MEXICO,COREA DEL SUR,2.0,1.0,,False
Trucha,5,GRUPOS,A,SUDAFRICA,COREA DEL SUR,1.0,2.0,,False
Trucha,6,GRUPOS,A,REPUBLICA CHECA,MEXICO,1.0,1.0,,False
Trucha,7,GRUPOS,B,CANADA,BOSNIA,2.0,1.0,,False
Trucha,8,GRUPOS,B,QATAR,SUIZA,0.0,2.0,,False
Trucha,9,GRUPOS,B,SUIZA,BOSNIA,2.0,1.0,,False
Trucha,10,GRUPOS,B,CANADA,QATAR,3.0,1.0,,False
Trucha,11,GRUPOS,B,BOSNIA,QATAR,2.0,0.0,,False
Trucha,12,GRUPOS,B,SUIZA,CANADA,1.0,1.0,,False
Trucha,13,GRUPOS,C,BRASIL,MARRUECOS,2.0,1.0,,False
Trucha,14,GRUPOS,C,HAITI,ESCOCIA,0.0,2.0,,False
Trucha,15,GRUPOS,C,ESCOCIA,MARRUECOS,1.0,1.0,,False
Trucha,16,GRUPOS,C,BRASIL,HAITI,4.0,0.0,,False
Trucha,17,GRUPOS,C,ESCOCIA,BRASIL,0.0,2.0,,False
Trucha,18,GRUPOS,C,MARRUECOS,HAITI,3.0,0.0,,False
Trucha,19,GRUPOS,D,ESTADOS UNIDOS,PARAGUAY,1.0,1.0,,False
Trucha,20,GRUPOS,D,AUSTRALIA,TURQUIA,1.0,2.0,,False
Trucha,21,GRUPOS,D,ESTADOS UNIDOS,AUSTRALIA,2.0,1.0,,False
Trucha,22,GRUPOS,D,TURQUIA,PARAGUAY,1.0,1.0,,False
Trucha,23,GRUPOS,D,PARAGUAY,AUSTRALIA,1.0,1.0,,False
Trucha,24,GRUPOS,D,TURQUIA,ESTADOS UNIDOS,2.0,2.0,,False
Trucha,25,GRUPOS,E,ALEMANIA,CURAZAO,4.0,0.0,,False
Trucha,26,GRUPOS,E,COSTA DE MARFIL,ECUADOR,1.0,1.0,,False
Trucha,27,GRUPOS,E,ALEMANIA,COSTA DE MARFIL,2.0,1.0,,False
Trucha,28,GRUPOS,E,ECUADOR,CURAZAO,2.0,0.0,,False
Trucha,29,GRUPOS,E,CURAZAO,COSTA DE MARFIL,0.0,2.0,,False
Trucha,30,GRUPOS,E,ECUADOR,ALEMANIA,0.0,2.0,,False
Trucha,31,GRUPOS,F,PAISES BAJOS,JAPON,2.0,1.0,,False
Trucha,32,GRUPOS,F,SUECIA,TUNEZ,1.0,0.0,,False
Trucha,33,GRUPOS,F,PAISES BAJOS,SUECIA,1.0,1.0,,False
Trucha,34,GRUPOS,F,TUNEZ,JAPON,0.0,2.0,,False
Trucha,35,GRUPOS,F,JAPON,SUECIA,1.0,1.0,,False
Trucha,36,GRUPOS,F,TUNEZ,PAISES BAJOS,0.0,3.0,,False
Trucha,37,GRUPOS,G,BELGICA,EGIPTO,2.0,1.0,,False
Trucha,38,GRUPOS,G,IRAN,NUEVA ZELANDA,2.0,0.0,,False
Trucha,39,GRUPOS,G,BELGICA,IRAN,2.0,1.0,,False
Trucha,40,GRUPOS,G,NUEVA ZELANDA,EGIPTO,0.0,2.0,,False
Trucha,41,GRUPOS,G,NUEVA ZELANDA,BELGICA,0.0,3.0,,False
Trucha,42,GRUPOS,G,EGIPTO,IRAN,1.0,1.0,,False
Trucha,43,GRUPOS,H,ESPAÑA,CABO VERDE,3.0,0.0,,False
Trucha,44,GRUPOS,H,ARABIA SAUDITA,URUGUAY,1.0,2.0,,False
Trucha,45,GRUPOS,H,ESPAÑA,ARABIA SAUDITA,3.0,0.0,,False
Trucha,46,GRUPOS,H,URUGUAY,CABO VERDE,2.0,0.0,,False
Trucha,47,GRUPOS,H,CABO VERDE,ARABIA SAUDITA,1.0,1.0,,False
Trucha,48,GRUPOS,H,URUGUAY,ESPAÑA,1.0,2.0,,False
Trucha,49,GRUPOS,I,FRANCIA,SENEGAL,2.0,1.0,,False
Trucha,50,GRUPOS,I,IRAK,NORUEGA,0.0,2.0,,False
Trucha,51,GRUPOS,I,FRANCIA,IRAK,4.0,0.0,,False
Trucha,52,GRUPOS,I,NORUEGA,SENEGAL,1.0,1.0,,False
Trucha,53,GRUPOS,I,SENEGAL,IRAK,2.0,0.0,,False
Trucha,54,GRUPOS,I,NORUEGA,FRANCIA,1.0,3.0,,False
Trucha,55,GRUPOS,J,ARGENTINA,ARGELIA,2.0,0.0,,False
Trucha,56,GRUPOS,J,AUSTRIA,JORDANIA,2.0,0.0,,False
Trucha,57,GRUPOS,J,ARGENTINA,AUSTRIA,3.0,1.0,,False
Trucha,58,GRUPOS,J,JORDANIA,ARGELIA,0.0,2.0,,False
Trucha,59,GRUPOS,J,ARGELIA,AUSTRIA,1.0,2.0,,False
Trucha,60,GRUPOS,J,JORDANIA,ARGENTINA,0.0,3.0,,False
Trucha,61,GRUPOS,K,PORTUGAL,RD CONGO,2.0,0.0,,False
Trucha,62,GRUPOS,K,UZBEKISTAN,COLOMBIA,1.0,3.0,,False
Trucha,63,GRUPOS,K,PORTUGAL,UZBEKISTAN,3.0,0.0,,False
Trucha,64,GRUPOS,K,COLOMBIA,RD CONGO,2.0,0.0,,False
Trucha,65,GRUPOS,K,RD CONGO,UZBEKISTAN,1.0,1.0,,False
Trucha,66,GRUPOS,K,COLOMBIA,PORTUGAL,1.0,2.0,,False
Trucha,67,GRUPOS,L,INGLATERRA,CROACIA,2.0,1.0,,False
Trucha,68,GRUPOS,L,GHANA,PANAMA,2.0,0.0,,False
Trucha,69,GRUPOS,L,INGLATERRA,GHANA,2.0,1.0,,False
Trucha,70,GRUPOS,L,PANAMA,CROACIA,0.0,2.0,,False
Trucha,71,GRUPOS,L,CROACIA,GHANA,1.0,1.0,,False
Trucha,72,GRUPOS,L,PANAMA,INGLATERRA,0.0,3.0,,False
Trucha,73,16AVOS,R32,SUDAFRICA,CANADA,1.0,2.0,CANADA,False
Trucha,74,16AVOS,R32,ALEMANIA,PARAGUAY,2.0,1.0,ALEMANIA,False
Trucha,75,16AVOS,R32,PAISES BAJOS,MARRUECOS,1.0,1.0,MARRUECOS,False
Trucha,76,16AVOS,R32,BRASIL,JAPON,3.0,1.0,BRASIL,False
Trucha,77,16AVOS,R32,FRANCIA,SUECIA,2.0,0.0,FRANCIA,False
Trucha,78,16AVOS,R32,COSTA DE MARFIL,NORUEGA,1.0,1.0,NORUEGA,False
Trucha,79,16AVOS,R32,MEXICO,ECUADOR,1.0,1.0,MEXICO,False
Trucha,80,16AVOS,R32,INGLATERRA,RD CONGO,2.0,0.0,INGLATERRA,False
Trucha,81,16AVOS,R32,ESTADOS UNIDOS,BOSNIA,3.0,1.0,ESTADOS UNIDOS,False
Trucha,82,16AVOS,R32,BELGICA,SENEGAL,1.0,2.0,SENEGAL,False
Trucha,83,16AVOS,R32,PORTUGAL,CROACIA,2.0,1.0,PORTUGAL,False
Trucha,84,16AVOS,R32,ESPANA,AUSTRIA,3.0,0.0,ESPANA,False
Trucha,85,16AVOS,R32,SUIZA,ARGELIA,2.0,1.0,SUIZA,False
Trucha,86,16AVOS,R32,ARGENTINA,CABO VERDE,2.0,0.0,ARGENTINA,False
Trucha,87,16AVOS,R32,COLOMBIA,GHANA,2.0,1.0,COLOMBIA,False
Trucha,88,16AVOS,R32,AUSTRALIA,EGIPTO,1.0,2.0,EGIPTO,False
Trucha,89,OCTAVOS,R16,PARAGUAY,FRANCIA,1.0,3.0,FRANCIA,False
Trucha,90,OCTAVOS,R16,CANADA,MARRUECOS,,,,True
Trucha,91,OCTAVOS,R16,PORTUGAL,ESPANA,2.0,2.0,ESPANA,False
Trucha,92,OCTAVOS,R16,ESTADOS UNIDOS,BELGICA,1.0,1.0,BELGICA,False
Trucha,93,OCTAVOS,R16,BRASIL,NORUEGA,2.0,1.0,BRASIL,False
Trucha,94,OCTAVOS,R16,MEXICO,INGLATERRA,1.0,2.0,INGLATERRA,False
Trucha,95,OCTAVOS,R16,ARGENTINA,EGIPTO,2.0,0.0,ARGENTINA,False
Trucha,96,OCTAVOS,R16,SUIZA,COLOMBIA,1.0,2.0,COLOMBIA,False
Trucha,97,CUARTOS,QF,FRANCIA,MARRUECOS,2.0,3.0,MARRUECOS,False
Trucha,98,CUARTOS,QF,ESPANA,BELGICA,3.0,1.0,ESPANA,False
Trucha,99,CUARTOS,QF,NORUEGA,INGLATERRA,1.0,1.0,INGLATERRA,False
Trucha,100,CUARTOS,QF,ARGENTINA,SUIZA,2.0,1.0,ARGENTINA,False
Trucha,101,SEMIFINALES,SF,FRANCIA,ESPANA,1,2,ESPANA,False
Trucha,102,SEMIFINALES,SF,INGLATERRA,ARGENTINA,1,2,ARGENTINA,False
Wonky,1,GRUPOS,A,MEXICO,SUDAFRICA,2.0,0.0,,False
Wonky,2,GRUPOS,A,COREA DEL SUR,REPUBLICA CHECA,2.0,1.0,,False
Wonky,3,GRUPOS,A,REPUBLICA CHECA,SUDAFRICA,1.0,0.0,,False
Wonky,4,GRUPOS,A,MEXICO,COREA DEL SUR,2.0,1.0,,False
Wonky,5,GRUPOS,A,SUDAFRICA,COREA DEL SUR,0.0,1.0,,False
Wonky,6,GRUPOS,A,REPUBLICA CHECA,MEXICO,1.0,2.0,,False
Wonky,7,GRUPOS,B,CANADA,BOSNIA,2.0,0.0,,False
Wonky,8,GRUPOS,B,QATAR,SUIZA,1.0,2.0,,False
Wonky,9,GRUPOS,B,SUIZA,BOSNIA,2.0,0.0,,False
Wonky,10,GRUPOS,B,CANADA,QATAR,2.0,0.0,,False
Wonky,11,GRUPOS,B,BOSNIA,QATAR,2.0,1.0,,False
Wonky,12,GRUPOS,B,SUIZA,CANADA,1.0,1.0,,False
Wonky,13,GRUPOS,C,BRASIL,MARRUECOS,2.0,1.0,,False
Wonky,14,GRUPOS,C,HAITI,ESCOCIA,0.0,2.0,,False
Wonky,15,GRUPOS,C,ESCOCIA,MARRUECOS,1.0,2.0,,False
Wonky,16,GRUPOS,C,BRASIL,HAITI,3.0,0.0,,False
Wonky,17,GRUPOS,C,ESCOCIA,BRASIL,0.0,2.0,,False
Wonky,18,GRUPOS,C,MARRUECOS,HAITI,2.0,0.0,,False
Wonky,19,GRUPOS,D,ESTADOS UNIDOS,PARAGUAY,2.0,0.0,,False
Wonky,20,GRUPOS,D,AUSTRALIA,TURQUIA,1.0,1.0,,False
Wonky,21,GRUPOS,D,ESTADOS UNIDOS,AUSTRALIA,2.0,1.0,,False
Wonky,22,GRUPOS,D,TURQUIA,PARAGUAY,2.0,0.0,,False
Wonky,23,GRUPOS,D,PARAGUAY,AUSTRALIA,1.0,1.0,,False
Wonky,24,GRUPOS,D,TURQUIA,ESTADOS UNIDOS,1.0,2.0,,False
Wonky,25,GRUPOS,E,ALEMANIA,CURAZAO,3.0,0.0,,False
Wonky,26,GRUPOS,E,COSTA DE MARFIL,ECUADOR,1.0,1.0,,False
Wonky,27,GRUPOS,E,ALEMANIA,COSTA DE MARFIL,2.0,0.0,,False
Wonky,28,GRUPOS,E,ECUADOR,CURAZAO,2.0,1.0,,False
Wonky,29,GRUPOS,E,CURAZAO,COSTA DE MARFIL,0.0,2.0,,False
Wonky,30,GRUPOS,E,ECUADOR,ALEMANIA,1.0,2.0,,False
Wonky,31,GRUPOS,F,PAISES BAJOS,JAPON,2.0,0.0,,False
Wonky,32,GRUPOS,F,SUECIA,TUNEZ,2.0,0.0,,False
Wonky,33,GRUPOS,F,PAISES BAJOS,SUECIA,1.0,0.0,,False
Wonky,34,GRUPOS,F,TUNEZ,JAPON,0.0,1.0,,False
Wonky,35,GRUPOS,F,JAPON,SUECIA,1.0,1.0,,False
Wonky,36,GRUPOS,F,TUNEZ,PAISES BAJOS,0.0,2.0,,False
Wonky,37,GRUPOS,G,BELGICA,EGIPTO,2.0,0.0,,False
Wonky,38,GRUPOS,G,IRAN,NUEVA ZELANDA,2.0,0.0,,False
Wonky,39,GRUPOS,G,BELGICA,IRAN,2.0,1.0,,False
Wonky,40,GRUPOS,G,NUEVA ZELANDA,EGIPTO,1.0,1.0,,False
Wonky,41,GRUPOS,G,NUEVA ZELANDA,BELGICA,0.0,2.0,,False
Wonky,42,GRUPOS,G,EGIPTO,IRAN,1.0,1.0,,False
Wonky,43,GRUPOS,H,ESPAÑA,CABO VERDE,3.0,0.0,,False
Wonky,44,GRUPOS,H,ARABIA SAUDITA,URUGUAY,0.0,2.0,,False
Wonky,45,GRUPOS,H,ESPAÑA,ARABIA SAUDITA,2.0,0.0,,False
Wonky,46,GRUPOS,H,URUGUAY,CABO VERDE,2.0,0.0,,False
Wonky,47,GRUPOS,H,CABO VERDE,ARABIA SAUDITA,1.0,2.0,,False
Wonky,48,GRUPOS,H,URUGUAY,ESPAÑA,1.0,2.0,,False
Wonky,49,GRUPOS,I,FRANCIA,SENEGAL,2.0,1.0,,False
Wonky,50,GRUPOS,I,IRAK,NORUEGA,1.0,2.0,,False
Wonky,51,GRUPOS,I,FRANCIA,IRAK,3.0,0.0,,False
Wonky,52,GRUPOS,I,NORUEGA,SENEGAL,2.0,1.0,,False
Wonky,53,GRUPOS,I,SENEGAL,IRAK,2.0,0.0,,False
Wonky,54,GRUPOS,I,NORUEGA,FRANCIA,1.0,2.0,,False
Wonky,55,GRUPOS,J,ARGENTINA,ARGELIA,3.0,0.0,,False
Wonky,56,GRUPOS,J,AUSTRIA,JORDANIA,2.0,0.0,,False
Wonky,57,GRUPOS,J,ARGENTINA,AUSTRIA,2.0,1.0,,False
Wonky,58,GRUPOS,J,JORDANIA,ARGELIA,1.0,1.0,,False
Wonky,59,GRUPOS,J,ARGELIA,AUSTRIA,1.0,2.0,,False
Wonky,60,GRUPOS,J,JORDANIA,ARGENTINA,0.0,3.0,,False
Wonky,61,GRUPOS,K,PORTUGAL,RD CONGO,3.0,0.0,,False
Wonky,62,GRUPOS,K,UZBEKISTAN,COLOMBIA,1.0,2.0,,False
Wonky,63,GRUPOS,K,PORTUGAL,UZBEKISTAN,2.0,0.0,,False
Wonky,64,GRUPOS,K,COLOMBIA,RD CONGO,2.0,0.0,,False
Wonky,65,GRUPOS,K,RD CONGO,UZBEKISTAN,1.0,1.0,,False
Wonky,66,GRUPOS,K,COLOMBIA,PORTUGAL,1.0,1.0,,False
Wonky,67,GRUPOS,L,INGLATERRA,CROACIA,2.0,1.0,,False
Wonky,68,GRUPOS,L,GHANA,PANAMA,2.0,0.0,,False
Wonky,69,GRUPOS,L,INGLATERRA,GHANA,2.0,0.0,,False
Wonky,70,GRUPOS,L,PANAMA,CROACIA,0.0,2.0,,False
Wonky,71,GRUPOS,L,CROACIA,GHANA,2.0,1.0,,False
Wonky,72,GRUPOS,L,PANAMA,INGLATERRA,0.0,2.0,,False
Wonky,73,16AVOS,R32,SUDAFRICA,CANADA,0.0,2.0,CANADA,False
Wonky,74,16AVOS,R32,ALEMANIA,PARAGUAY,2.0,0.0,ALEMANIA,False
Wonky,75,16AVOS,R32,PAISES BAJOS,MARRUECOS,2.0,1.0,PAISES BAJOS,False
Wonky,76,16AVOS,R32,BRASIL,JAPON,2.0,0.0,BRASIL,False
Wonky,77,16AVOS,R32,FRANCIA,SUECIA,2.0,0.0,FRANCIA,False
Wonky,78,16AVOS,R32,COSTA DE MARFIL,NORUEGA,0.0,1.0,NORUEGA,False
Wonky,79,16AVOS,R32,MEXICO,ECUADOR,2.0,1.0,MEXICO,False
Wonky,80,16AVOS,R32,INGLATERRA,RD CONGO,3.0,0.0,INGLATERRA,False
Wonky,81,16AVOS,R32,ESTADOS UNIDOS,BOSNIA,3.0,0.0,ESTADOS UNIDOS,False
Wonky,82,16AVOS,R32,BELGICA,SENEGAL,2.0,1.0,BELGICA,False
Wonky,83,16AVOS,R32,PORTUGAL,CROACIA,2.0,1.0,PORTUGAL,False
Wonky,84,16AVOS,R32,ESPANA,AUSTRIA,2.0,0.0,ESPANA,False
Wonky,85,16AVOS,R32,SUIZA,ARGELIA,1.0,0.0,SUIZA,False
Wonky,86,16AVOS,R32,ARGENTINA,CABO VERDE,3.0,0.0,ARGENTINA,False
Wonky,87,16AVOS,R32,COLOMBIA,GHANA,2.0,0.0,COLOMBIA,False
Wonky,88,16AVOS,R32,AUSTRALIA,EGIPTO,0.0,1.0,EGIPTO,False
Wonky,89,OCTAVOS,R16,PARAGUAY,FRANCIA,0.0,2.0,FRANCIA,False
Wonky,90,OCTAVOS,R16,CANADA,MARRUECOS,1.0,2.0,MARRUECOS,False
Wonky,91,OCTAVOS,R16,PORTUGAL,ESPANA,2.0,1.0,PORTUGAL,False
Wonky,92,OCTAVOS,R16,ESTADOS UNIDOS,BELGICA,1.0,2.0,BELGICA,False
Wonky,93,OCTAVOS,R16,BRASIL,NORUEGA,2.0,0.0,BRASIL,False
Wonky,94,OCTAVOS,R16,MEXICO,INGLATERRA,2.0,1.0,MEXICO,False
Wonky,95,OCTAVOS,R16,ARGENTINA,EGIPTO,2.0,1.0,ARGENTINA,False
Wonky,96,OCTAVOS,R16,SUIZA,COLOMBIA,1.0,2.0,COLOMBIA,False
Wonky,97,CUARTOS,QF,FRANCIA,MARRUECOS,2.0,1.0,FRANCIA,False
Wonky,98,CUARTOS,QF,ESPANA,BELGICA,2.0,0.0,ESPANA,False
Wonky,99,CUARTOS,QF,NORUEGA,INGLATERRA,1.0,2.0,INGLATERRA,False
Wonky,100,CUARTOS,QF,ARGENTINA,SUIZA,2.0,0.0,ARGENTINA,False
Wonky,101,SEMIFINALES,SF,FRANCIA,ESPANA,1,2,ESPANA,False
Wonky,102,SEMIFINALES,SF,INGLATERRA,ARGENTINA,1,2,ARGENTINA,False
Zhoko,1,GRUPOS,A,MEXICO,SUDAFRICA,2.0,0.0,,False
Zhoko,2,GRUPOS,A,COREA DEL SUR,REPUBLICA CHECA,1.0,1.0,,False
Zhoko,3,GRUPOS,A,REPUBLICA CHECA,SUDAFRICA,2.0,0.0,,False
Zhoko,4,GRUPOS,A,MEXICO,COREA DEL SUR,2.0,2.0,,False
Zhoko,5,GRUPOS,A,SUDAFRICA,COREA DEL SUR,0.0,1.0,,False
Zhoko,6,GRUPOS,A,REPUBLICA CHECA,MEXICO,1.0,1.0,,False
Zhoko,7,GRUPOS,B,CANADA,BOSNIA,3.0,1.0,,False
Zhoko,8,GRUPOS,B,QATAR,SUIZA,0.0,2.0,,False
Zhoko,9,GRUPOS,B,SUIZA,BOSNIA,3.0,0.0,,False
Zhoko,10,GRUPOS,B,CANADA,QATAR,2.0,1.0,,False
Zhoko,11,GRUPOS,B,BOSNIA,QATAR,2.0,1.0,,False
Zhoko,12,GRUPOS,B,SUIZA,CANADA,3.0,1.0,,False
Zhoko,13,GRUPOS,C,BRASIL,MARRUECOS,2.0,1.0,,False
Zhoko,14,GRUPOS,C,HAITI,ESCOCIA,0.0,3.0,,False
Zhoko,15,GRUPOS,C,ESCOCIA,MARRUECOS,1.0,2.0,,False
Zhoko,16,GRUPOS,C,BRASIL,HAITI,5.0,0.0,,False
Zhoko,17,GRUPOS,C,ESCOCIA,BRASIL,0.0,2.0,,False
Zhoko,18,GRUPOS,C,MARRUECOS,HAITI,4.0,1.0,,False
Zhoko,19,GRUPOS,D,ESTADOS UNIDOS,PARAGUAY,2.0,1.0,,False
Zhoko,20,GRUPOS,D,AUSTRALIA,TURQUIA,1.0,1.0,,False
Zhoko,21,GRUPOS,D,ESTADOS UNIDOS,AUSTRALIA,2.0,1.0,,False
Zhoko,22,GRUPOS,D,TURQUIA,PARAGUAY,1.0,1.0,,False
Zhoko,23,GRUPOS,D,PARAGUAY,AUSTRALIA,1.0,0.0,,False
Zhoko,24,GRUPOS,D,TURQUIA,ESTADOS UNIDOS,1.0,0.0,,False
Zhoko,25,GRUPOS,E,ALEMANIA,CURAZAO,5.0,0.0,,False
Zhoko,26,GRUPOS,E,COSTA DE MARFIL,ECUADOR,1.0,1.0,,False
Zhoko,27,GRUPOS,E,ALEMANIA,COSTA DE MARFIL,3.0,1.0,,False
Zhoko,28,GRUPOS,E,ECUADOR,CURAZAO,2.0,0.0,,False
Zhoko,29,GRUPOS,E,CURAZAO,COSTA DE MARFIL,0.0,2.0,,False
Zhoko,30,GRUPOS,E,ECUADOR,ALEMANIA,2.0,2.0,,False
Zhoko,31,GRUPOS,F,PAISES BAJOS,JAPON,3.0,2.0,,False
Zhoko,32,GRUPOS,F,SUECIA,TUNEZ,1.0,0.0,,False
Zhoko,33,GRUPOS,F,PAISES BAJOS,SUECIA,1.0,1.0,,False
Zhoko,34,GRUPOS,F,TUNEZ,JAPON,1.0,3.0,,False
Zhoko,35,GRUPOS,F,JAPON,SUECIA,0.0,0.0,,False
Zhoko,36,GRUPOS,F,TUNEZ,PAISES BAJOS,0.0,2.0,,False
Zhoko,37,GRUPOS,G,BELGICA,EGIPTO,3.0,1.0,,False
Zhoko,38,GRUPOS,G,IRAN,NUEVA ZELANDA,1.0,0.0,,False
Zhoko,39,GRUPOS,G,BELGICA,IRAN,2.0,0.0,,False
Zhoko,40,GRUPOS,G,NUEVA ZELANDA,EGIPTO,1.0,1.0,,False
Zhoko,41,GRUPOS,G,NUEVA ZELANDA,BELGICA,0.0,1.0,,False
Zhoko,42,GRUPOS,G,EGIPTO,IRAN,2.0,0.0,,False
Zhoko,43,GRUPOS,H,ESPAÑA,CABO VERDE,5.0,0.0,,False
Zhoko,44,GRUPOS,H,ARABIA SAUDITA,URUGUAY,0.0,1.0,,False
Zhoko,45,GRUPOS,H,ESPAÑA,ARABIA SAUDITA,4.0,1.0,,False
Zhoko,46,GRUPOS,H,URUGUAY,CABO VERDE,2.0,0.0,,False
Zhoko,47,GRUPOS,H,CABO VERDE,ARABIA SAUDITA,1.0,3.0,,False
Zhoko,48,GRUPOS,H,URUGUAY,ESPAÑA,0.0,3.0,,False
Zhoko,49,GRUPOS,I,FRANCIA,SENEGAL,3.0,1.0,,False
Zhoko,50,GRUPOS,I,IRAK,NORUEGA,0.0,2.0,,False
Zhoko,51,GRUPOS,I,FRANCIA,IRAK,2.0,0.0,,False
Zhoko,52,GRUPOS,I,NORUEGA,SENEGAL,3.0,3.0,,False
Zhoko,53,GRUPOS,I,SENEGAL,IRAK,1.0,0.0,,False
Zhoko,54,GRUPOS,I,NORUEGA,FRANCIA,1.0,2.0,,False
Zhoko,55,GRUPOS,J,ARGENTINA,ARGELIA,3.0,1.0,,False
Zhoko,56,GRUPOS,J,AUSTRIA,JORDANIA,2.0,0.0,,False
Zhoko,57,GRUPOS,J,ARGENTINA,AUSTRIA,3.0,2.0,,False
Zhoko,58,GRUPOS,J,JORDANIA,ARGELIA,1.0,2.0,,False
Zhoko,59,GRUPOS,J,ARGELIA,AUSTRIA,2.0,2.0,,False
Zhoko,60,GRUPOS,J,JORDANIA,ARGENTINA,0.0,3.0,,False
Zhoko,61,GRUPOS,K,PORTUGAL,RD CONGO,4.0,0.0,,False
Zhoko,62,GRUPOS,K,UZBEKISTAN,COLOMBIA,0.0,3.0,,False
Zhoko,63,GRUPOS,K,PORTUGAL,UZBEKISTAN,3.0,1.0,,False
Zhoko,64,GRUPOS,K,COLOMBIA,RD CONGO,3.0,1.0,,False
Zhoko,65,GRUPOS,K,RD CONGO,UZBEKISTAN,1.0,1.0,,False
Zhoko,66,GRUPOS,K,COLOMBIA,PORTUGAL,2.0,2.0,,False
Zhoko,67,GRUPOS,L,INGLATERRA,CROACIA,2.0,2.0,,False
Zhoko,68,GRUPOS,L,GHANA,PANAMA,3.0,0.0,,False
Zhoko,69,GRUPOS,L,INGLATERRA,GHANA,3.0,1.0,,False
Zhoko,70,GRUPOS,L,PANAMA,CROACIA,0.0,2.0,,False
Zhoko,71,GRUPOS,L,CROACIA,GHANA,2.0,1.0,,False
Zhoko,72,GRUPOS,L,PANAMA,INGLATERRA,0.0,5.0,,False
Zhoko,73,16AVOS,R32,SUDAFRICA,CANADA,0.0,3.0,CANADA,False
Zhoko,74,16AVOS,R32,ALEMANIA,PARAGUAY,3.0,1.0,ALEMANIA,False
Zhoko,75,16AVOS,R32,PAISES BAJOS,MARRUECOS,2.0,2.0,PAISES BAJOS,False
Zhoko,76,16AVOS,R32,BRASIL,JAPON,3.0,2.0,BRASIL,False
Zhoko,77,16AVOS,R32,FRANCIA,SUECIA,2.0,0.0,FRANCIA,False
Zhoko,78,16AVOS,R32,COSTA DE MARFIL,NORUEGA,1.0,3.0,NORUEGA,False
Zhoko,79,16AVOS,R32,MEXICO,ECUADOR,2.0,1.0,MEXICO,False
Zhoko,80,16AVOS,R32,INGLATERRA,RD CONGO,4.0,0.0,INGLATERRA,False
Zhoko,81,16AVOS,R32,ESTADOS UNIDOS,BOSNIA,2.0,0.0,ESTADOS UNIDOS,False
Zhoko,82,16AVOS,R32,BELGICA,SENEGAL,2.0,1.0,BELGICA,False
Zhoko,83,16AVOS,R32,PORTUGAL,CROACIA,2.0,1.0,PORTUGAL,False
Zhoko,84,16AVOS,R32,ESPANA,AUSTRIA,3.0,1.0,ESPANA,False
Zhoko,85,16AVOS,R32,SUIZA,ARGELIA,2.0,1.0,SUIZA,False
Zhoko,86,16AVOS,R32,ARGENTINA,CABO VERDE,3.0,0.0,ARGENTINA,False
Zhoko,87,16AVOS,R32,COLOMBIA,GHANA,2.0,0.0,COLOMBIA,False
Zhoko,88,16AVOS,R32,AUSTRALIA,EGIPTO,1.0,2.0,EGIPTO,False
Zhoko,89,OCTAVOS,R16,PARAGUAY,FRANCIA,0.0,2.0,FRANCIA,False
Zhoko,90,OCTAVOS,R16,CANADA,MARRUECOS,1.0,1.0,MARRUECOS,False
Zhoko,91,OCTAVOS,R16,PORTUGAL,ESPANA,1.0,3.0,ESPANA,False
Zhoko,92,OCTAVOS,R16,ESTADOS UNIDOS,BELGICA,2.0,2.0,BELGICA,False
Zhoko,93,OCTAVOS,R16,BRASIL,NORUEGA,2.0,1.0,BRASIL,False
Zhoko,94,OCTAVOS,R16,MEXICO,INGLATERRA,1.0,2.0,INGLATERRA,False
Zhoko,95,OCTAVOS,R16,ARGENTINA,EGIPTO,2.0,0.0,ARGENTINA,False
Zhoko,96,OCTAVOS,R16,SUIZA,COLOMBIA,1.0,1.0,COLOMBIA,False
Zhoko,97,CUARTOS,QF,FRANCIA,MARRUECOS,2.0,0.0,FRANCIA,False
Zhoko,98,CUARTOS,QF,ESPANA,BELGICA,1.0,0.0,ESPANA,False
Zhoko,99,CUARTOS,QF,NORUEGA,INGLATERRA,1.0,2.0,INGLATERRA,False
Zhoko,100,CUARTOS,QF,ARGENTINA,SUIZA,3.0,1.0,ARGENTINA,False
Zhoko,101,SEMIFINALES,SF,FRANCIA,ESPANA,2,1,FRANCIA,False
Zhoko,102,SEMIFINALES,SF,INGLATERRA,ARGENTINA,2,3,ARGENTINA,False
Ñeño,1,GRUPOS,A,MEXICO,SUDAFRICA,2.0,1.0,,False
Ñeño,2,GRUPOS,A,COREA DEL SUR,REPUBLICA CHECA,1.0,1.0,,False
Ñeño,3,GRUPOS,A,REPUBLICA CHECA,SUDAFRICA,1.0,1.0,,False
Ñeño,4,GRUPOS,A,MEXICO,COREA DEL SUR,1.0,1.0,,False
Ñeño,5,GRUPOS,A,SUDAFRICA,COREA DEL SUR,0.0,1.0,,False
Ñeño,6,GRUPOS,A,REPUBLICA CHECA,MEXICO,1.0,1.0,,False
Ñeño,7,GRUPOS,B,CANADA,BOSNIA,1.0,1.0,,False
Ñeño,8,GRUPOS,B,QATAR,SUIZA,0.0,2.0,,False
Ñeño,9,GRUPOS,B,SUIZA,BOSNIA,2.0,0.0,,False
Ñeño,10,GRUPOS,B,CANADA,QATAR,1.0,0.0,,False
Ñeño,11,GRUPOS,B,BOSNIA,QATAR,2.0,1.0,,False
Ñeño,12,GRUPOS,B,SUIZA,CANADA,1.0,1.0,,False
Ñeño,13,GRUPOS,C,BRASIL,MARRUECOS,2.0,0.0,,False
Ñeño,14,GRUPOS,C,HAITI,ESCOCIA,0.0,1.0,,False
Ñeño,15,GRUPOS,C,ESCOCIA,MARRUECOS,1.0,1.0,,False
Ñeño,16,GRUPOS,C,BRASIL,HAITI,3.0,0.0,,False
Ñeño,17,GRUPOS,C,ESCOCIA,BRASIL,0.0,2.0,,False
Ñeño,18,GRUPOS,C,MARRUECOS,HAITI,2.0,0.0,,False
Ñeño,19,GRUPOS,D,ESTADOS UNIDOS,PARAGUAY,2.0,1.0,,False
Ñeño,20,GRUPOS,D,AUSTRALIA,TURQUIA,1.0,1.0,,False
Ñeño,21,GRUPOS,D,ESTADOS UNIDOS,AUSTRALIA,1.0,0.0,,False
Ñeño,22,GRUPOS,D,TURQUIA,PARAGUAY,1.0,1.0,,False
Ñeño,23,GRUPOS,D,PARAGUAY,AUSTRALIA,2.0,1.0,,False
Ñeño,24,GRUPOS,D,TURQUIA,ESTADOS UNIDOS,1.0,2.0,,False
Ñeño,25,GRUPOS,E,ALEMANIA,CURAZAO,3.0,0.0,,False
Ñeño,26,GRUPOS,E,COSTA DE MARFIL,ECUADOR,1.0,2.0,,False
Ñeño,27,GRUPOS,E,ALEMANIA,COSTA DE MARFIL,2.0,1.0,,False
Ñeño,28,GRUPOS,E,ECUADOR,CURAZAO,2.0,0.0,,False
Ñeño,29,GRUPOS,E,CURAZAO,COSTA DE MARFIL,0.0,2.0,,False
Ñeño,30,GRUPOS,E,ECUADOR,ALEMANIA,1.0,2.0,,False
Ñeño,31,GRUPOS,F,PAISES BAJOS,JAPON,2.0,1.0,,False
Ñeño,32,GRUPOS,F,SUECIA,TUNEZ,1.0,0.0,,False
Ñeño,33,GRUPOS,F,PAISES BAJOS,SUECIA,2.0,0.0,,False
Ñeño,34,GRUPOS,F,TUNEZ,JAPON,1.0,1.0,,False
Ñeño,35,GRUPOS,F,JAPON,SUECIA,2.0,1.0,,False
Ñeño,36,GRUPOS,F,TUNEZ,PAISES BAJOS,0.0,2.0,,False
Ñeño,37,GRUPOS,G,BELGICA,EGIPTO,2.0,0.0,,False
Ñeño,38,GRUPOS,G,IRAN,NUEVA ZELANDA,1.0,0.0,,False
Ñeño,39,GRUPOS,G,BELGICA,IRAN,2.0,1.0,,False
Ñeño,40,GRUPOS,G,NUEVA ZELANDA,EGIPTO,0.0,1.0,,False
Ñeño,41,GRUPOS,G,NUEVA ZELANDA,BELGICA,0.0,2.0,,False
Ñeño,42,GRUPOS,G,EGIPTO,IRAN,1.0,1.0,,False
Ñeño,43,GRUPOS,H,ESPAÑA,CABO VERDE,3.0,0.0,,False
Ñeño,44,GRUPOS,H,ARABIA SAUDITA,URUGUAY,1.0,1.0,,False
Ñeño,45,GRUPOS,H,ESPAÑA,ARABIA SAUDITA,2.0,0.0,,False
Ñeño,46,GRUPOS,H,URUGUAY,CABO VERDE,2.0,0.0,,False
Ñeño,47,GRUPOS,H,CABO VERDE,ARABIA SAUDITA,1.0,1.0,,False
Ñeño,48,GRUPOS,H,URUGUAY,ESPAÑA,1.0,2.0,,False
Ñeño,49,GRUPOS,I,FRANCIA,SENEGAL,2.0,1.0,,False
Ñeño,50,GRUPOS,I,IRAK,NORUEGA,0.0,2.0,,False
Ñeño,51,GRUPOS,I,FRANCIA,IRAK,3.0,0.0,,False
Ñeño,52,GRUPOS,I,NORUEGA,SENEGAL,1.0,1.0,,False
Ñeño,53,GRUPOS,I,SENEGAL,IRAK,2.0,0.0,,False
Ñeño,54,GRUPOS,I,NORUEGA,FRANCIA,1.0,2.0,,False
Ñeño,55,GRUPOS,J,ARGENTINA,ARGELIA,2.0,0.0,,False
Ñeño,56,GRUPOS,J,AUSTRIA,JORDANIA,2.0,0.0,,False
Ñeño,57,GRUPOS,J,ARGENTINA,AUSTRIA,1.0,0.0,,False
Ñeño,58,GRUPOS,J,JORDANIA,ARGELIA,0.0,1.0,,False
Ñeño,59,GRUPOS,J,ARGELIA,AUSTRIA,1.0,1.0,,False
Ñeño,60,GRUPOS,J,JORDANIA,ARGENTINA,0.0,3.0,,False
Ñeño,61,GRUPOS,K,PORTUGAL,RD CONGO,2.0,0.0,,False
Ñeño,62,GRUPOS,K,UZBEKISTAN,COLOMBIA,1.0,2.0,,False
Ñeño,63,GRUPOS,K,PORTUGAL,UZBEKISTAN,3.0,0.0,,False
Ñeño,64,GRUPOS,K,COLOMBIA,RD CONGO,2.0,0.0,,False
Ñeño,65,GRUPOS,K,RD CONGO,UZBEKISTAN,1.0,1.0,,False
Ñeño,66,GRUPOS,K,COLOMBIA,PORTUGAL,0.0,1.0,,False
Ñeño,67,GRUPOS,L,INGLATERRA,CROACIA,2.0,1.0,,False
Ñeño,68,GRUPOS,L,GHANA,PANAMA,1.0,1.0,,False
Ñeño,69,GRUPOS,L,INGLATERRA,GHANA,2.0,0.0,,False
Ñeño,70,GRUPOS,L,PANAMA,CROACIA,0.0,2.0,,False
Ñeño,71,GRUPOS,L,CROACIA,GHANA,2.0,1.0,,False
Ñeño,72,GRUPOS,L,PANAMA,INGLATERRA,0.0,3.0,,False
Ñeño,73,16AVOS,R32,SUDAFRICA,CANADA,1.0,1.0,CANADA,False
Ñeño,74,16AVOS,R32,ALEMANIA,PARAGUAY,3.0,0.0,ALEMANIA,False
Ñeño,75,16AVOS,R32,PAISES BAJOS,MARRUECOS,2.0,1.0,PAISES BAJOS,False
Ñeño,76,16AVOS,R32,BRASIL,JAPON,2.0,1.0,BRASIL,False
Ñeño,77,16AVOS,R32,FRANCIA,SUECIA,3.0,1.0,FRANCIA,False
Ñeño,78,16AVOS,R32,COSTA DE MARFIL,NORUEGA,2.0,1.0,COSTA DE MARFIL,False
Ñeño,79,16AVOS,R32,MEXICO,ECUADOR,1.0,2.0,ECUADOR,False
Ñeño,80,16AVOS,R32,INGLATERRA,RD CONGO,2.0,1.0,INGLATERRA,False
Ñeño,81,16AVOS,R32,ESTADOS UNIDOS,BOSNIA,2.0,1.0,ESTADOS UNIDOS,False
Ñeño,82,16AVOS,R32,BELGICA,SENEGAL,1.0,1.0,SENEGAL,False
Ñeño,83,16AVOS,R32,PORTUGAL,CROACIA,2.0,1.0,PORTUGAL,False
Ñeño,84,16AVOS,R32,ESPANA,AUSTRIA,2.0,1.0,ESPANA,False
Ñeño,85,16AVOS,R32,SUIZA,ARGELIA,1.0,1.0,SUIZA,False
Ñeño,86,16AVOS,R32,ARGENTINA,CABO VERDE,3.0,0.0,ARGENTINA,False
Ñeño,87,16AVOS,R32,COLOMBIA,GHANA,2.0,0.0,COLOMBIA,False
Ñeño,88,16AVOS,R32,AUSTRALIA,EGIPTO,1.0,1.0,EGIPTO,False
Ñeño,89,OCTAVOS,R16,PARAGUAY,FRANCIA,1.0,2.0,FRANCIA,False
Ñeño,90,OCTAVOS,R16,CANADA,MARRUECOS,1.0,1.0,MARRUECOS,False
Ñeño,91,OCTAVOS,R16,PORTUGAL,ESPANA,2.0,1.0,PORTUGAL,False
Ñeño,92,OCTAVOS,R16,ESTADOS UNIDOS,BELGICA,2.0,2.0,ESTADOS UNIDOS,False
Ñeño,93,OCTAVOS,R16,BRASIL,NORUEGA,2.0,1.0,BRASIL,False
Ñeño,94,OCTAVOS,R16,MEXICO,INGLATERRA,1.0,2.0,INGLATERRA,False
Ñeño,95,OCTAVOS,R16,ARGENTINA,EGIPTO,2.0,1.0,ARGENTINA,False
Ñeño,96,OCTAVOS,R16,SUIZA,COLOMBIA,1.0,2.0,COLOMBIA,False
Ñeño,97,CUARTOS,QF,FRANCIA,MARRUECOS,2.0,1.0,FRANCIA,False
Ñeño,98,CUARTOS,QF,ESPANA,BELGICA,2.0,2.0,BELGICA,False
Ñeño,99,CUARTOS,QF,NORUEGA,INGLATERRA,3.0,1.0,NORUEGA,False
Ñeño,100,CUARTOS,QF,ARGENTINA,SUIZA,2.0,1.0,ARGENTINA,False
Ñeño,101,SEMIFINALES,SF,FRANCIA,ESPANA,2,1,FRANCIA,False
Ñeño,102,SEMIFINALES,SF,INGLATERRA,ARGENTINA,2,2,INGLATERRA,False
